organisation,organisation_name,cohort,dataset,licence,endpoint,endpoint_no.,resource,latest_log_entry_date,field,field_supplied,field_matched,field_errors,field_error_free,field_supplied_pct,field_error_free_pct,field_matched_pct
local-authority:BUC,Buckinghamshire Council,RIPA-Beta,article-4-direction-area,ogl3,cef4c02dacb006498d1c48729d2a18f3088b397132bce167e9b6c72f714b3a38,7,090a4a90f160c121e491c1ddc3d7b4d232ecff0e4fe00f88bc9d38391b354cf4,2025-03-12,11,4,3,1,3,0.36363636363636365,0.2727272727272727,0.2727272727272727
local-authority:BUC,Buckinghamshire Council,RIPA-Beta,conservation-area,ogl3,d027bc3baf8f1bdf299797a1c368c1144fd19cf431e30214baa5f92e1f6ab5c6,1,70389e80310d49aa33908651f09d7636ff0003215c0c9240195489aec29fb1df,2025-03-12,10,3,2,0,3,0.3,0.3,0.2
local-authority:BUC,Buckinghamshire Council,RIPA-Beta,listed-building-outline,ogl3,94a72578ff9561e7c757a5812eae4db097baba276d39ef4a67d48916326b6ef9,1,7408560abed10367b09e54ace3cdfb6bc62018b06f6b10f0fc1aa52839922042,2025-03-12,8,3,2,0,3,0.375,0.375,0.25
local-authority:BUC,Buckinghamshire Council,RIPA-Beta,tree,ogl3,3237276c4ae0e3dae446205a7b917485ce23c196203d80bf30c8cb186e67c8f3,1,ef2236d310cfdec35d754d13b8e4599d131102393e6bba716291ddb5cc993221,2025-03-12,12,4,1,12,-8,0.3333333333333333,-0.6666666666666666,0.08333333333333333
local-authority:BUC,Buckinghamshire Council,RIPA-Beta,tree,ogl3,3237276c4ae0e3dae446205a7b917485ce23c196203d80bf30c8cb186e67c8f3,3,ef2236d310cfdec35d754d13b8e4599d131102393e6bba716291ddb5cc993221,2025-03-12,12,4,1,12,-8,0.3333333333333333,-0.6666666666666666,0.08333333333333333
local-authority:BUC,Buckinghamshire Council,RIPA-Beta,tree-preservation-zone,ogl3,314ce9104c6e495d89317de2085d2bcbac1abe54e9f7cb068f35be8171eaa80b,2,159f13d435951d76b9d11515ebb4dc090b8e60b155ad5e1c6f78e5da535144c9,2025-03-12,9,2,1,1,1,0.2222222222222222,0.1111111111111111,0.1111111111111111
local-authority:BUC,Buckinghamshire Council,RIPA-Beta,tree-preservation-zone,ogl3,3237276c4ae0e3dae446205a7b917485ce23c196203d80bf30c8cb186e67c8f3,1,ef2236d310cfdec35d754d13b8e4599d131102393e6bba716291ddb5cc993221,2025-03-12,9,5,1,12,-7,0.5555555555555556,-0.7777777777777778,0.1111111111111111
local-authority:BUC,Buckinghamshire Council,RIPA-Beta,tree-preservation-zone,ogl3,3237276c4ae0e3dae446205a7b917485ce23c196203d80bf30c8cb186e67c8f3,3,ef2236d310cfdec35d754d13b8e4599d131102393e6bba716291ddb5cc993221,2025-03-12,9,5,1,12,-7,0.5555555555555556,-0.7777777777777778,0.1111111111111111
local-authority:LBH,London Borough of Lambeth,RIPA-Beta,article-4-direction,ogl3,32e803298b278d83d5f58b1d12497f94c1cbf2f844428f3614f692c7f36c7eeb,1,5fb087124ab2e6fe410af19a1980915729c3c0900f9949fe26f1d7d7a864f1df,2025-03-12,9,9,9,2,7,1.0,0.7777777777777778,1.0
local-authority:LBH,London Borough of Lambeth,RIPA-Beta,article-4-direction-area,ogl3,bed4f351349b9a0b2ec746d1650a01c37b5965ea75f2a8791c8c81483d439371,1,565974e9b7f4989fc45c9f702b9b66a958d141a3d98e038f2560ed3aa5535384,2025-03-12,11,9,9,1,8,0.8181818181818182,0.7272727272727273,0.8181818181818182
local-authority:LBH,London Borough of Lambeth,RIPA-Beta,conservation-area,ogl3,628fb9865d7fae424e7e6f324d3efdea744457334aa22bffea9e419cc6fe7d5b,1,ac1d6c0b0d91d2adf62ddd784fa2e759e77004c8491a242d03e28252a33ed8e2,2025-03-12,10,3,2,0,3,0.3,0.3,0.2
local-authority:LBH,London Borough of Lambeth,RIPA-Beta,listed-building-outline,ogl3,2edd619184cc8fdfcebab5be89c7de2ccbe03c72c7b6f71361920e3cda55163d,1,3011ff5e9ed59166a3fa9bb1c33b453cf6478caaef39583d7ef4f47f116fea6f,2025-03-12,8,4,2,4,0,0.5,0.0,0.25
local-authority:LBH,London Borough of Lambeth,RIPA-Beta,tree,ogl3,f8d5163c023f27f599fee22535f5959e52f18313755fcb3243c78577985cda2d,1,1c86a6e0c031f57c298978f2e50093644b7dac5d7dfdcf7fb6e4ff8145524c1e,2025-03-12,12,4,1,32,-28,0.3333333333333333,-2.3333333333333335,0.08333333333333333
local-authority:LBH,London Borough of Lambeth,RIPA-Beta,tree,ogl3,f8d5163c023f27f599fee22535f5959e52f18313755fcb3243c78577985cda2d,2,1c86a6e0c031f57c298978f2e50093644b7dac5d7dfdcf7fb6e4ff8145524c1e,2025-03-12,12,4,1,32,-28,0.3333333333333333,-2.3333333333333335,0.08333333333333333
local-authority:LBH,London Borough of Lambeth,RIPA-Beta,tree,ogl3,f8d5163c023f27f599fee22535f5959e52f18313755fcb3243c78577985cda2d,3,1c86a6e0c031f57c298978f2e50093644b7dac5d7dfdcf7fb6e4ff8145524c1e,2025-03-12,12,4,1,32,-28,0.3333333333333333,-2.3333333333333335,0.08333333333333333
local-authority:LBH,London Borough of Lambeth,RIPA-Beta,tree,ogl3,f8d5163c023f27f599fee22535f5959e52f18313755fcb3243c78577985cda2d,4,1c86a6e0c031f57c298978f2e50093644b7dac5d7dfdcf7fb6e4ff8145524c1e,2025-03-12,12,4,1,32,-28,0.3333333333333333,-2.3333333333333335,0.08333333333333333
local-authority:LBH,London Borough of Lambeth,RIPA-Beta,tree-preservation-order,ogl3,f8d5163c023f27f599fee22535f5959e52f18313755fcb3243c78577985cda2d,1,1c86a6e0c031f57c298978f2e50093644b7dac5d7dfdcf7fb6e4ff8145524c1e,2025-03-12,10,2,0,32,-30,0.2,-3.0,0.0
local-authority:LBH,London Borough of Lambeth,RIPA-Beta,tree-preservation-order,ogl3,f8d5163c023f27f599fee22535f5959e52f18313755fcb3243c78577985cda2d,2,1c86a6e0c031f57c298978f2e50093644b7dac5d7dfdcf7fb6e4ff8145524c1e,2025-03-12,10,2,0,32,-30,0.2,-3.0,0.0
local-authority:LBH,London Borough of Lambeth,RIPA-Beta,tree-preservation-order,ogl3,f8d5163c023f27f599fee22535f5959e52f18313755fcb3243c78577985cda2d,3,1c86a6e0c031f57c298978f2e50093644b7dac5d7dfdcf7fb6e4ff8145524c1e,2025-03-12,10,2,0,32,-30,0.2,-3.0,0.0
local-authority:LBH,London Borough of Lambeth,RIPA-Beta,tree-preservation-order,ogl3,f8d5163c023f27f599fee22535f5959e52f18313755fcb3243c78577985cda2d,4,1c86a6e0c031f57c298978f2e50093644b7dac5d7dfdcf7fb6e4ff8145524c1e,2025-03-12,10,2,0,32,-30,0.2,-3.0,0.0
local-authority:SWK,London Borough of Southwark,RIPA-Beta,article-4-direction-area,ogl3,be557dcef843918934b9216fd597a70b02cc5546a9bee9366985340bb3269045,1,96d9f7161d55ee626f6ba695bb6f5135622fb48da9dd94dd2d0852d8be14ea8e,2025-03-12,11,9,9,0,9,0.8181818181818182,0.8181818181818182,0.8181818181818182
local-authority:SWK,London Borough of Southwark,RIPA-Beta,conservation-area,ogl3,b431e9c6b7178db0847e8c5510d86b993dca23a0354fb792cb5dd871aa0f9854,1,f4fa318e4239fe72514a0cde9a711dacf17933a9a434b4782c2181f455593598,2025-03-12,10,10,10,0,10,1.0,1.0,1.0
local-authority:SWK,London Borough of Southwark,RIPA-Beta,listed-building-outline,ogl3,a91ed722b5b7f5271c327ee86bee6a7882f784a05e727d67430abea15cedfbbf,1,099c43e05fe153274948e2b7143b3112a9e0f5a31d06d3016e3bda582c718b03,2025-03-12,8,8,8,0,8,1.0,1.0,1.0
local-authority:SWK,London Borough of Southwark,RIPA-Beta,tree,ogl3,caf1e5b97424356516affcf0bbc36735c4ccb73e291cbf0f06ef2931bdf09ba8,1,8b43d7ea62ded492d197e082f5f4e3857b86792f4672c88aaad9560ee289d51d,2025-03-12,12,11,11,0,11,0.9166666666666666,0.9166666666666666,0.9166666666666666
local-authority:SWK,London Borough of Southwark,RIPA-Beta,tree-preservation-zone,ogl3,090ff21f75d6ff5b97c0d49434679839fd1eb64d781db6285abf574307f970bc,1,0cdea4b6a4497cda6f86126b8def284ef5f7b65e5ec70fec30a3f881996f4368,2025-03-12,9,9,9,1,8,1.0,0.8888888888888888,1.0
local-authority:DNC,Doncaster Metropolitan Borough Council,RIPA-BOPS,article-4-direction-area,ogl3,667fc1598d817e6456c775277214067697b1e09f50b11c0111c5fdaaac756028,3,16290e6eab27f857ab46d12877e881b8ac7adc974a0657daa0cfd91d466b70da,2025-03-12,11,5,4,0,5,0.45454545454545453,0.45454545454545453,0.36363636363636365
local-authority:DNC,Doncaster Metropolitan Borough Council,RIPA-BOPS,conservation-area,,0a3aaf764068310cc788b294d43436e49630a8095d81f9d1ee3ea085d62ea87a,1,376b1ffbff7da2df1615636ed7ebb4a63aceba50f17f812d5f854402ce42c370,2025-03-12,10,4,2,0,4,0.4,0.4,0.2
local-authority:DNC,Doncaster Metropolitan Borough Council,RIPA-BOPS,listed-building-outline,ogl3,8c363105b8138f6471cd4a453a84f15870be417ed0624d4b12f7b39ba49306ed,1,f40d67fedd19e1e1a62b4562b27e327a689a4572aef8179d635ccd71eca8b709,2025-03-12,8,5,1,0,5,0.625,0.625,0.125
local-authority:DNC,Doncaster Metropolitan Borough Council,RIPA-BOPS,tree,ogl3,a05e76e962d438545a5a48c967cd2b1229ebc951a9a4a6d4d7ecad4379f0f1ca,1,0549c37800cefd888b1d596eda86cac01125d3cca278f53eaaf2fe4c5a4c7749,2025-03-12,12,5,2,0,5,0.4166666666666667,0.4166666666666667,0.16666666666666666
local-authority:DNC,Doncaster Metropolitan Borough Council,RIPA-BOPS,tree-preservation-zone,ogl3,de1eb90a8b037292ef8ae14bfabd1184847ef99b7c6296bb6e75379e6c1f9572,1,36ceb911631c69c70d62edf6cce37d4380bba4209f311d1436f81850a428e7c6,2025-03-12,9,5,2,1,4,0.5555555555555556,0.4444444444444444,0.2222222222222222
local-authority:GLO,Gloucester City Council,RIPA-BOPS,article-4-direction-area,ogl3,11ceb6807ca6320712e4b589a625e94a6efada5c41928b91579ee7abf236fcae,1,3d83563ea289d0aa7f943e7817307dcdc1e879237fdeec11e5f298b4e0486192,2025-03-12,11,4,3,0,4,0.36363636363636365,0.36363636363636365,0.2727272727272727
local-authority:GLO,Gloucester City Council,RIPA-BOPS,conservation-area,ogl3,6dad8060cbdf75cf7c28c511b107a367e7c0435e04d130793b8464454bfd384c,1,fca02eeea62ab37ad6a4262545514caa5d8a92ed21ffdf3c64de40682c820720,2025-03-12,10,6,4,0,6,0.6,0.6,0.4
local-authority:GLO,Gloucester City Council,RIPA-BOPS,listed-building-outline,ogl3,f569cf738abb48f8d9d2bda008b5e27716877dd84a22fa9edc463c288251fad8,1,47b2c02399036050fe507e4b90ee532f25293b19f7cec9fb308336e625f7109b,2025-03-12,8,6,5,0,6,0.75,0.75,0.625
local-authority:GLO,Gloucester City Council,RIPA-BOPS,tree,ogl3,599237e24ea953f431090df305657e05d78d64e6e33adc00d907706676c46f4d,1,3081bb2dec818694e2a6eaccd39ad37abc7dca39131dd8b085d413931ee21109,2025-03-12,12,7,5,0,7,0.5833333333333334,0.5833333333333334,0.4166666666666667
local-authority:GLO,Gloucester City Council,RIPA-BOPS,tree-preservation-zone,ogl3,a7ef5696e5bf4f93041aad697819d972f9cce2687890a7af19090c49c3ba4570,1,cdcfd26cf3b7070d2165aa6afde9cce47ffe0188bc41547e239939585b695e3a,2025-03-12,9,5,4,0,5,0.5555555555555556,0.5555555555555556,0.4444444444444444
local-authority:CMD,London Borough of Camden,RIPA-BOPS,article-4-direction,,22b68af5f133601d5bafc187546b06f0cfffb95a1a6166449cec471ac7ed6706,1,4e112cae3399b8ec71e0c3d9a28f077fc5f6e1dcb998bcabda4c7e3cc91958e4,2025-03-12,9,9,9,0,9,1.0,1.0,1.0
local-authority:CMD,London Borough of Camden,RIPA-BOPS,article-4-direction-area,,3bbf7138bc9dacbf42700c5d114ba0c1856ae4cdc7c92360e95103ae59d38c0a,1,5cb3c60422bbf48f8b47a88705c069581616927279a2736f0da426c9a54f9bd0,2025-03-12,11,8,8,0,8,0.7272727272727273,0.7272727272727273,0.7272727272727273
local-authority:CMD,London Borough of Camden,RIPA-BOPS,conservation-area,ogl3,8fdf314ef9044149cd8df70e51838e385fdeda24be1be7bc6b3e402fda48f43a,1,74dc15a9fcbdcad2a39f0f767dd56e9a731c62cae44bd760fcaa48d247f0f785,2025-03-12,10,10,10,0,10,1.0,1.0,1.0
local-authority:CMD,London Borough of Camden,RIPA-BOPS,conservation-area-document,ogl3,d9c1f90bebda35186029557b7ee6e60c951e25c20fb1599fd51860846198018d,1,8cbd64c3cf95526fd3e5b97dc20fb1062bc4357c3b65a4583de845e0f496f9e1,2025-03-12,10,10,10,0,10,1.0,1.0,1.0
local-authority:CMD,London Borough of Camden,RIPA-BOPS,listed-building-outline,,431efe2f2cbc73eb181f67ce9cc27cc61f88236835eb2b3b96ee6a54ceb6458a,1,09eb2664a881a414c0cea45788ff95d630a4bad26045b91a06381b3b6d761ac4,2025-03-12,8,8,8,0,8,1.0,1.0,1.0
local-authority:MDW,Medway Council,RIPA-BOPS,article-4-direction-area,ogl3,d779ad1c91c5a46e2d4ace4d5446d7d7f81df1ed058f882121070574697a5412,1,fa5900bc97020695e3bc650196a2aeb02f0d42681f5153019523ddbaa25903d7,2025-03-12,11,3,3,0,3,0.2727272727272727,0.2727272727272727,0.2727272727272727
local-authority:MDW,Medway Council,RIPA-BOPS,conservation-area,,8bb6411b1390f7cc8e4e4a4005eaf9da9f0952d88018e223c2d3a43df52aa877,1,1f4b77e5993d5cf3c404224972ad9659907540b8834b6bb8d5716ec42c991903,2025-03-12,10,5,4,0,5,0.5,0.5,0.4
local-authority:MDW,Medway Council,RIPA-BOPS,listed-building-outline,ogl3,29c2a158839842d4315d9280f3181a4273f67f0d349d706cfc3174c394b000ff,1,c55c1e6ad8bd18409b560be78ef0015359688dc486e2e2d30a34d729d8287377,2025-03-12,8,3,1,2,1,0.375,0.125,0.125
local-authority:MDW,Medway Council,RIPA-BOPS,tree-preservation-order,odc-by,3aeef0b2fb0bb0c85a25bd4491b3c56f70924d6a8ae9d9e22764885965a2b4c7,1,43e1034397c8af8ef6c11eaec0a92c836087852588a10b29a9198bc212778219,2025-03-12,10,2,0,40,-38,0.2,-3.8,0.0
local-authority:MDW,Medway Council,RIPA-BOPS,tree-preservation-order,odc-by,3aeef0b2fb0bb0c85a25bd4491b3c56f70924d6a8ae9d9e22764885965a2b4c7,2,43e1034397c8af8ef6c11eaec0a92c836087852588a10b29a9198bc212778219,2025-03-12,10,2,0,40,-38,0.2,-3.8,0.0
local-authority:MDW,Medway Council,RIPA-BOPS,tree-preservation-order,odc-by,3aeef0b2fb0bb0c85a25bd4491b3c56f70924d6a8ae9d9e22764885965a2b4c7,3,43e1034397c8af8ef6c11eaec0a92c836087852588a10b29a9198bc212778219,2025-03-12,10,2,0,40,-38,0.2,-3.8,0.0
local-authority:MDW,Medway Council,RIPA-BOPS,tree-preservation-order,odc-by,3aeef0b2fb0bb0c85a25bd4491b3c56f70924d6a8ae9d9e22764885965a2b4c7,4,43e1034397c8af8ef6c11eaec0a92c836087852588a10b29a9198bc212778219,2025-03-12,10,2,0,40,-38,0.2,-3.8,0.0
local-authority:MDW,Medway Council,RIPA-BOPS,tree-preservation-zone,odc-by,3aeef0b2fb0bb0c85a25bd4491b3c56f70924d6a8ae9d9e22764885965a2b4c7,1,43e1034397c8af8ef6c11eaec0a92c836087852588a10b29a9198bc212778219,2025-03-12,9,3,1,40,-37,0.3333333333333333,-4.111111111111111,0.1111111111111111
local-authority:MDW,Medway Council,RIPA-BOPS,tree-preservation-zone,odc-by,3aeef0b2fb0bb0c85a25bd4491b3c56f70924d6a8ae9d9e22764885965a2b4c7,2,43e1034397c8af8ef6c11eaec0a92c836087852588a10b29a9198bc212778219,2025-03-12,9,3,1,40,-37,0.3333333333333333,-4.111111111111111,0.1111111111111111
local-authority:MDW,Medway Council,RIPA-BOPS,tree-preservation-zone,odc-by,3aeef0b2fb0bb0c85a25bd4491b3c56f70924d6a8ae9d9e22764885965a2b4c7,3,43e1034397c8af8ef6c11eaec0a92c836087852588a10b29a9198bc212778219,2025-03-12,9,3,1,40,-37,0.3333333333333333,-4.111111111111111,0.1111111111111111
local-authority:MDW,Medway Council,RIPA-BOPS,tree-preservation-zone,odc-by,3aeef0b2fb0bb0c85a25bd4491b3c56f70924d6a8ae9d9e22764885965a2b4c7,4,43e1034397c8af8ef6c11eaec0a92c836087852588a10b29a9198bc212778219,2025-03-12,9,3,1,40,-37,0.3333333333333333,-4.111111111111111,0.1111111111111111
local-authority:NET,Newcastle City Council,RIPA-BOPS,article-4-direction,ogl3,345c6d1562d81d5e440acb797fb354f16188f03859286b0fbae7c339bf5cb87b,1,fe19432ae7c65205a25c4278609b5c58fe5b25a94ce1fc073e8ff573b369ef70,2025-03-12,9,8,7,8,0,0.8888888888888888,0.0,0.7777777777777778
local-authority:NET,Newcastle City Council,RIPA-BOPS,article-4-direction,ogl3,345c6d1562d81d5e440acb797fb354f16188f03859286b0fbae7c339bf5cb87b,2,fe19432ae7c65205a25c4278609b5c58fe5b25a94ce1fc073e8ff573b369ef70,2025-03-12,9,8,7,8,0,0.8888888888888888,0.0,0.7777777777777778
local-authority:NET,Newcastle City Council,RIPA-BOPS,article-4-direction,ogl3,345c6d1562d81d5e440acb797fb354f16188f03859286b0fbae7c339bf5cb87b,3,fe19432ae7c65205a25c4278609b5c58fe5b25a94ce1fc073e8ff573b369ef70,2025-03-12,9,8,7,8,0,0.8888888888888888,0.0,0.7777777777777778
local-authority:NET,Newcastle City Council,RIPA-BOPS,article-4-direction,ogl3,345c6d1562d81d5e440acb797fb354f16188f03859286b0fbae7c339bf5cb87b,4,fe19432ae7c65205a25c4278609b5c58fe5b25a94ce1fc073e8ff573b369ef70,2025-03-12,9,8,7,8,0,0.8888888888888888,0.0,0.7777777777777778
local-authority:NET,Newcastle City Council,RIPA-BOPS,article-4-direction-area,ogl3,345c6d1562d81d5e440acb797fb354f16188f03859286b0fbae7c339bf5cb87b,1,fe19432ae7c65205a25c4278609b5c58fe5b25a94ce1fc073e8ff573b369ef70,2025-03-12,11,9,8,8,1,0.8181818181818182,0.09090909090909091,0.7272727272727273
local-authority:NET,Newcastle City Council,RIPA-BOPS,article-4-direction-area,ogl3,345c6d1562d81d5e440acb797fb354f16188f03859286b0fbae7c339bf5cb87b,2,fe19432ae7c65205a25c4278609b5c58fe5b25a94ce1fc073e8ff573b369ef70,2025-03-12,11,9,8,8,1,0.8181818181818182,0.09090909090909091,0.7272727272727273
local-authority:NET,Newcastle City Council,RIPA-BOPS,article-4-direction-area,ogl3,345c6d1562d81d5e440acb797fb354f16188f03859286b0fbae7c339bf5cb87b,3,fe19432ae7c65205a25c4278609b5c58fe5b25a94ce1fc073e8ff573b369ef70,2025-03-12,11,9,8,8,1,0.8181818181818182,0.09090909090909091,0.7272727272727273
local-authority:NET,Newcastle City Council,RIPA-BOPS,article-4-direction-area,ogl3,345c6d1562d81d5e440acb797fb354f16188f03859286b0fbae7c339bf5cb87b,4,fe19432ae7c65205a25c4278609b5c58fe5b25a94ce1fc073e8ff573b369ef70,2025-03-12,11,9,8,8,1,0.8181818181818182,0.09090909090909091,0.7272727272727273
local-authority:NET,Newcastle City Council,RIPA-BOPS,conservation-area,,0e8ed333f367c5f2fde2d103d0e2b9404dfb130796fa7e921d994af83f758606,1,8c2ee6ccefe0179571307641c0db89a43e8b4d8917b22abc797b752e61fdb279,2025-03-12,10,9,9,0,9,0.9,0.9,0.9
local-authority:NET,Newcastle City Council,RIPA-BOPS,listed-building-outline,odc-by,a15cf992712968ed507792bb8e41ba7cb47732a15d35bd3c121e1fd0d85fe274,1,b044527ffedaca2cfab1744dbb0ece72007119d655d3f732356125a243767de1,2025-03-12,8,8,8,1,7,1.0,0.875,1.0
local-authority:NED,North East Derbyshire District Council,RIPA-BOPS,conservation-area,,5e15eba1bd113aa524840907df82132457c85491ceb2e448f5ffa42dff0a9c19,1,cb462731902b22a9e3f69fb54928180ca8d48d364bb4f8edd9fbedfa4541c4cd,2025-03-12,10,2,1,0,2,0.2,0.2,0.1
local-authority:BIR,Birmingham City Council,ODP-Track1,article-4-direction,ogl3,91d97dadb79ce25bf8bef023de03c8c2d68fba9579b5119d6e130b1760700d8f,1,fa62b5f2706bd59369c47533b969747a35f918c31b4432237704abef7bb9a15d,2025-03-12,9,9,9,0,9,1.0,1.0,1.0
local-authority:BIR,Birmingham City Council,ODP-Track1,article-4-direction-area,ogl3,f7803fa6e54c43e59b73b1659cc0776ed21352da138ec73e4b83ef64864de03a,1,4f614b89d260abbffe2b8ae0826f24930a4cbe1a81bb0a2f24d602521bb141a3,2025-03-12,11,9,9,0,9,0.8181818181818182,0.8181818181818182,0.8181818181818182
local-authority:BIR,Birmingham City Council,ODP-Track1,conservation-area,ogl3,1aa6059f066e9708c73868c00dd8e0092ba063299f62530d59deea5f6f164560,1,cab906ce36b7a270ef7c981bbbac30e0e178b58f455bde64ed4a49d7ac833aa5,2025-03-12,10,8,8,0,8,0.8,0.8,0.8
local-authority:BIR,Birmingham City Council,ODP-Track1,conservation-area-document,ogl3,19a19114f4ce19ab8984ee84787589123f6b69f8fe8dca8a59f8599b25039c77,1,aa1d8323a4a96371d480d47943208cdff9eeb05b8bae76ed2345d96408d87fb8,2025-03-12,10,8,8,0,8,0.8,0.8,0.8
local-authority:BIR,Birmingham City Council,ODP-Track1,listed-building-outline,ogl3,dc655cc7187a5959cd573c93279f2c805d4ed680b5c2203d234fa2c703a41318,1,1dc5d8698f909ed1a9bf3481874e3cd9da3bb05b120d8449f031ae1f9f29d2dd,2025-03-12,8,8,8,0,8,1.0,1.0,1.0
local-authority:BIR,Birmingham City Council,ODP-Track1,tree-preservation-zone,ogl3,2d3cb22e544acf2029c608a945e64943d2bec415ad2ad87aeabed9c7a58a903b,1,e44f8de6b7b358c33006a85c0a45f32f1f6e16078cc48409179bbddbf6e596fd,2025-03-12,9,9,9,0,9,1.0,1.0,1.0
local-authority:CAT,Canterbury City Council,ODP-Track1,article-4-direction-area,,351fdbd179616dcf25ce0c4498cbd7fd5a917c5bbedcbc6af9f3f23d546b484d,1,587716a30d2909dfa1f3756fa7abfa39635504a130ef0836bcca67757e513786,2025-03-12,11,5,1,1,4,0.45454545454545453,0.36363636363636365,0.09090909090909091
local-authority:CAT,Canterbury City Council,ODP-Track1,conservation-area,,fc00c8a1bd0212fe6ae7e8fe9be5bc15bcccd68faf39aa2555974d57a822aa12,1,ae1e1f7ee170937f6843183f2a6e52c4fc1fd9d0cda3b53419f81c2364beaf24,2025-03-12,10,3,2,0,3,0.3,0.3,0.2
local-authority:CAT,Canterbury City Council,ODP-Track1,listed-building-outline,,fad9233216dbd89f5e1c5707d7ecc8a5b2e336b6270bd9652c78f877d255f49f,1,66b6ee34f1666ef022ca9d52d7f12707d7b0b38ca1040b9c71a14d8d480bb58d,2025-03-12,8,3,2,0,3,0.375,0.375,0.25
local-authority:EPS,Epsom and Ewell Borough Council,ODP-Track1,article-4-direction,ogl3,97447318ffa758035d8e13eabb61709e2d8e09950d63e344e1ec3a01d05b8120,1,d289512b7755f5e97ec7d41ff5c37ddea66b05618bcd10f9aa011dcb7f7295ed,2025-03-12,9,8,8,2,6,0.8888888888888888,0.6666666666666666,0.8888888888888888
local-authority:EPS,Epsom and Ewell Borough Council,ODP-Track1,article-4-direction-area,,99dd0c0c5c8d8b3d4250ac27ed6e5c04c7a0c661f7f5e698d84c140ac240d1bc,1,b4601330812f8710e184930f9d415e4beadd36399700d27e8836243001fc37e1,2025-03-12,11,7,7,0,7,0.6363636363636364,0.6363636363636364,0.6363636363636364
local-authority:EPS,Epsom and Ewell Borough Council,ODP-Track1,conservation-area,,9247d952f3d1a3ad3ca513bb5c0169ffb7bd9b54c285fbc24eedf738fe17a9d5,1,d16004ccd1b70612391b88cc5b7ffb423233540efa64296cf073fbd4b2be3af1,2025-03-12,10,7,7,0,7,0.7,0.7,0.7
local-authority:EPS,Epsom and Ewell Borough Council,ODP-Track1,listed-building-outline,,b64e3b0edc13c75c0a21a459c13c7c9c6eb89e0785885ca7a32a553d81c0c824,1,ef5de7675b1fbbf7b675ec4e9a74449eb58b9259f7a20536087d6124aec5db5e,2025-03-12,8,7,7,0,7,0.875,0.875,0.875
local-authority:EPS,Epsom and Ewell Borough Council,ODP-Track1,tree,,7bf054cee55381acc0791faad8598585cfde03ecc22421e4e9f953651de6cea3,1,6169c19ccb12bde442d3a8590328c0a4d6c4813e646d6088230ec3572d03df1c,2025-03-12,12,0,0,0,0,0.0,0.0,0.0
local-authority:EPS,Epsom and Ewell Borough Council,ODP-Track1,tree-preservation-order,ogl3,5716764429bc1ad7ec090a8ed0f2a1d55f23a8223b2a716d8365e0713a488801,1,a80d8aa6a95acd5d84eef3f8d66f1ff81fc2674baa0daa37f7bfc5a2c41e969d,2025-03-12,10,9,9,2,7,0.9,0.7,0.9
local-authority:EPS,Epsom and Ewell Borough Council,ODP-Track1,tree-preservation-zone,,e759e9dc3c4d471843da916f063ea08283230fb15d49c0724e8bd5c73833d983,1,88559d73744c464133e038d9ef65a7eb4e936cbb41b22cc775de2a8536edce7e,2025-03-12,9,0,0,0,0,0.0,0.0,0.0
local-authority:BNE,London Borough of Barnet,ODP-Track1,article-4-direction,,4d69e04b32ecfa83f9c17f1fed6f13a94dc8c839607dd89c6c2fc8bfc2ab5e12,1,a720eb10145e19a66897e42324d219e7260d1244ac5defb086b2b5dc7e7537a6,2025-03-12,9,8,8,0,8,0.8888888888888888,0.8888888888888888,0.8888888888888888
local-authority:BNE,London Borough of Barnet,ODP-Track1,article-4-direction-area,,d4c09389082ca55e33cf532eb045ea7eb9dc447a24547fca734506f7e5f05413,1,2702f238b05ec028cbd33738b718a81ba9fc70680f1e6f313a000980989a96ec,2025-03-12,11,9,9,0,9,0.8181818181818182,0.8181818181818182,0.8181818181818182
local-authority:BNE,London Borough of Barnet,ODP-Track1,conservation-area,,1cafec4102c43a9e95f54bd36453240251c7741d7d15de7f742ceafac750f8e2,1,283a31b074f197dcd1c5cfac8948da5c27a666100fa56e043302e2d12105548c,2025-03-12,10,8,8,0,8,0.8,0.8,0.8
local-authority:BNE,London Borough of Barnet,ODP-Track1,conservation-area-document,ogl3,57583a1dd8588c77dec47c7cc3c2114146e6ec01158b4dd4be63139c8995049d,1,88f9390134eac07055131ac6ced64c3d6072218dccb969df88272223f6bc1064,2025-03-12,10,10,10,1,9,1.0,0.9,1.0
local-authority:BNE,London Borough of Barnet,ODP-Track1,listed-building-outline,,6cec4fa5b9e9340c4f594bbdbac5cd7ffaf94498583d1ce5f4ffb1f9e2849427,1,2a3ae3bf52ffcd65e1527ccb45ac28dadbbc3a9d186adb35eb77444a22debf0b,2025-03-12,8,8,8,0,8,1.0,1.0,1.0
local-authority:BNE,London Borough of Barnet,ODP-Track1,tree,,422e2a9f2fb1d809d8849e05556aa7c232060673c1cc51d84bcf9bb586d5de52,1,73b54852ed33902db778c148589010cdb845d9f545bc8e8584beb5f0266d801c,2025-03-12,12,9,9,0,9,0.75,0.75,0.75
local-authority:BNE,London Borough of Barnet,ODP-Track1,tree,,422e2a9f2fb1d809d8849e05556aa7c232060673c1cc51d84bcf9bb586d5de52,2,73b54852ed33902db778c148589010cdb845d9f545bc8e8584beb5f0266d801c,2025-03-12,12,9,9,0,9,0.75,0.75,0.75
local-authority:BNE,London Borough of Barnet,ODP-Track1,tree,,422e2a9f2fb1d809d8849e05556aa7c232060673c1cc51d84bcf9bb586d5de52,3,73b54852ed33902db778c148589010cdb845d9f545bc8e8584beb5f0266d801c,2025-03-12,12,9,9,0,9,0.75,0.75,0.75
local-authority:BNE,London Borough of Barnet,ODP-Track1,tree,,422e2a9f2fb1d809d8849e05556aa7c232060673c1cc51d84bcf9bb586d5de52,4,73b54852ed33902db778c148589010cdb845d9f545bc8e8584beb5f0266d801c,2025-03-12,12,9,9,0,9,0.75,0.75,0.75
local-authority:BNE,London Borough of Barnet,ODP-Track1,tree-preservation-order,,57af3de9713f3fa5d70cedb44a444ae955b80d658774fdffcf5ee6eae40d9c6f,1,38c8860376cce148325f17048d48fa60b3efce9da612fe7f62b0b3b5ef8b5cb8,2025-03-12,10,10,10,2,8,1.0,0.8,1.0
local-authority:BNE,London Borough of Barnet,ODP-Track1,tree-preservation-zone,,422e2a9f2fb1d809d8849e05556aa7c232060673c1cc51d84bcf9bb586d5de52,1,73b54852ed33902db778c148589010cdb845d9f545bc8e8584beb5f0266d801c,2025-03-12,9,9,9,0,9,1.0,1.0,1.0
local-authority:BNE,London Borough of Barnet,ODP-Track1,tree-preservation-zone,,422e2a9f2fb1d809d8849e05556aa7c232060673c1cc51d84bcf9bb586d5de52,2,73b54852ed33902db778c148589010cdb845d9f545bc8e8584beb5f0266d801c,2025-03-12,9,9,9,0,9,1.0,1.0,1.0
local-authority:BNE,London Borough of Barnet,ODP-Track1,tree-preservation-zone,,422e2a9f2fb1d809d8849e05556aa7c232060673c1cc51d84bcf9bb586d5de52,3,73b54852ed33902db778c148589010cdb845d9f545bc8e8584beb5f0266d801c,2025-03-12,9,9,9,0,9,1.0,1.0,1.0
local-authority:BNE,London Borough of Barnet,ODP-Track1,tree-preservation-zone,,422e2a9f2fb1d809d8849e05556aa7c232060673c1cc51d84bcf9bb586d5de52,4,73b54852ed33902db778c148589010cdb845d9f545bc8e8584beb5f0266d801c,2025-03-12,9,9,9,0,9,1.0,1.0,1.0
local-authority:GAT,Gateshead Metropolitan Borough Council,ODP-Track2,article-4-direction,ogl3,f8ab306cad8213eb969cffb8afe68440e104817c874a479f261b90b8cdf8e2b1,1,8fe700710ea9101a97526018c8469b25407a2caa0b7133f421a1fd4a409294d5,2025-03-12,9,9,9,0,9,1.0,1.0,1.0
local-authority:GAT,Gateshead Metropolitan Borough Council,ODP-Track2,article-4-direction-area,ogl3,a02feb3527e71370736ccab89b16c78babde811a47a00a1b90f8d62dfba3ba4e,1,5098a72cd402001eb3b1c05f115763f099aabac52baac373325e7515cb12b65f,2025-03-12,11,7,7,0,7,0.6363636363636364,0.6363636363636364,0.6363636363636364
local-authority:GAT,Gateshead Metropolitan Borough Council,ODP-Track2,conservation-area,,1a234afb482cc475a38ea9e8a2752556d3a7c379d803ef6b7ecb57b8e6f459f4,1,0d756be74ac4a3267e597968bf9a5722e06bf193abf010a25498ab69bbcf2ecb,2025-03-12,10,7,7,0,7,0.7,0.7,0.7
local-authority:GAT,Gateshead Metropolitan Borough Council,ODP-Track2,listed-building-outline,ogl3,af28edf7a93957680be4563991a8d6dd67c841ecf70b6861dc31437fc343fb4a,1,3ec22577b1c0e47e255619449eee54c6215308785617c8701e91ada4fbb64009,2025-03-12,8,8,8,0,8,1.0,1.0,1.0
local-authority:GAT,Gateshead Metropolitan Borough Council,ODP-Track2,tree,,124dc88d5839fa63b5802abe2847e3bf959b3052a3dcd126f362f78e5342df33,1,a6ca5dd87cebf6e6f677221846b3c3d2098b2ae7ad34cc568bb2c5e9bdb64f3f,2025-03-12,12,4,1,1,3,0.3333333333333333,0.25,0.08333333333333333
local-authority:GAT,Gateshead Metropolitan Borough Council,ODP-Track2,tree-preservation-zone,,588e4f0dfb29a0181a302b8c9785abb24d881ae8cab1226914bb5896813c5ac4,1,fb1a1175c1809a9b544ec3b95714129405eef70f1276ad31dc66cd3e11825d83,2025-03-12,9,7,1,0,7,0.7777777777777778,0.7777777777777778,0.1111111111111111
local-authority:GRY,Great Yarmouth Borough Council,ODP-Track2,article-4-direction-area,,24bc10a266141363496a758b610670d8fbc48495d8cd2e84a362485f0b93e861,1,0a7e49b067de4ed3cb7a90d6a7e6d83ef984a48fc93a453bed868b9555e3d326,2025-03-12,11,7,6,0,7,0.6363636363636364,0.6363636363636364,0.5454545454545454
local-authority:GRY,Great Yarmouth Borough Council,ODP-Track2,conservation-area,,b7a883112c2d06e9d0e486ddc2aa1a1c345284fcc4f56feaf72bcfcf5e27fa24,1,b285deca1760e6741c12b3b18e27fc0570f8430f82269add4d428d541aa4792e,2025-03-12,10,0,0,0,0,0.0,0.0,0.0
local-authority:GRY,Great Yarmouth Borough Council,ODP-Track2,listed-building-outline,,d75c63b3c20b6662013b953058f7af0fa88c51d7bb4b32e6d96d2863bd8505d0,1,56231ee275407227813ad49777b5d484e7be27c3b3629a8d471c60297976b92f,2025-03-12,8,7,7,0,7,0.875,0.875,0.875
local-authority:GRY,Great Yarmouth Borough Council,ODP-Track2,tree-preservation-order,,41918491840440f6ff9c1cd2f4510c255148f1d9a9e0c2ae1ea89c10dff40f55,1,ed92fbe9f902bf4dbf958d1e358e322ac60535c5be1089b2117e6d4672527ca6,2025-03-12,10,6,6,0,6,0.6,0.6,0.6
local-authority:GRY,Great Yarmouth Borough Council,ODP-Track2,tree-preservation-zone,,9240f1ca39efc8880a909f92bd0613c9dbd6cf1990217a95af35a57e176ab2e4,1,63aa8df1bba517ec83a027b5c4385f7ee43def5524455c9018fbcd6792bf3ae7,2025-03-12,9,7,7,0,7,0.7777777777777778,0.7777777777777778,0.7777777777777778
local-authority:SAL,St Albans City and District Council,ODP-Track2,article-4-direction,,d46992e6e7eaf3024937f20db16f4826a0144297637f0fdb445afadf5dd54f69,1,88a2c76442acd993ff10b8c456f4c799727d1f054a12c562b85f91c99665dc27,2025-03-12,9,9,9,1,8,1.0,0.8888888888888888,1.0
local-authority:SAL,St Albans City and District Council,ODP-Track2,article-4-direction-area,,6a80eb9833cf0ed425fa6677913258b71bb3927718da62c4295c2b1c4ad4cf62,1,684deb1f613f6e74e31858176704c33c4437996c60210975c27be5f0c82b4057,2025-03-12,11,9,9,0,9,0.8181818181818182,0.8181818181818182,0.8181818181818182
local-authority:SAL,St Albans City and District Council,ODP-Track2,conservation-area,,0f702ed6bb596fcede4c59614aa1b3bb238165df6906ee403aa7146610f6c3ec,1,6700ccfc2b551e901770ee50a9003c2260a21727c964f017faab40d22d326b80,2025-03-12,10,8,8,0,8,0.8,0.8,0.8
local-authority:SAL,St Albans City and District Council,ODP-Track2,conservation-area-document,,f074b84d4e43c23a9f3c862a5679bac8cc3c6ef93e5bc4f8f89bb46a3caa586b,1,a0b8c5e082913d61dd7f16c38bd48f8fb2831ef85815e579f5acf0f8c0ccc5a3,2025-03-12,10,10,10,0,10,1.0,1.0,1.0
local-authority:SAL,St Albans City and District Council,ODP-Track2,listed-building-outline,,4ecb586385c9fbdaec5df01e81f63ea222d2a7e79c9209d4253e7ffc6fca20f0,1,f5f253b143cbbbf6d6189989f19ec0a92e9fa552bd726c689a5fec16dcd15509,2025-03-12,8,8,8,0,8,1.0,1.0,1.0
local-authority:SAL,St Albans City and District Council,ODP-Track2,tree,,fc49c6b6d4caad5daab9fc4af9876cc92aa722cafb3ac620c82cc45428ce7a63,1,c2824c06e8b432522e446f91c617d351a483254d1ce6a5800da300ac731b98d6,2025-03-12,12,9,9,1,8,0.75,0.6666666666666666,0.75
local-authority:SAL,St Albans City and District Council,ODP-Track2,tree-preservation-zone,,aee249ffed25eb657d38dcfe41cebf6d7f2d3464f07b367d17898d71e3646591,1,d3417bc0e9389d061f57288e1c5c5141dfec2ca9772c6b1eeab6a53272878f92,2025-03-12,9,9,9,0,9,1.0,1.0,1.0
local-authority:TEW,Tewkesbury Borough Council,ODP-Track2,article-4-direction-area,,d1fd06f3e16d52290d3c1f6e6076a4a9129db3eda91bdad28b5f4655e1a80b19,1,dca3f136cc59d5fe4480ea5ee8341d7eeaea8f6b4b6d43ce8c7245b3f4c5c2d1,2025-03-12,11,9,9,0,9,0.8181818181818182,0.8181818181818182,0.8181818181818182
local-authority:TEW,Tewkesbury Borough Council,ODP-Track2,conservation-area,,54bf142531133bc131b927d27c30fed857d3a3aab0b80737fe26ab0aba4610de,1,c95ea4bd051f8c6c497a3b394ed3306a5d5516b635f53b46394ce8aebde324a1,2025-03-12,10,8,8,0,8,0.8,0.8,0.8
local-authority:TEW,Tewkesbury Borough Council,ODP-Track2,listed-building-outline,,696ba4151c5b88c695da981274de4baa5a14f8a0a57f730f5bbfbbf1fba8d6a7,1,b0da8e15d671be1f0d4ae5f3f8ea1788383e372996f4c1da3eb27b076e2b3c5d,2025-03-12,8,8,8,1,7,1.0,0.875,1.0
local-authority:TEW,Tewkesbury Borough Council,ODP-Track2,tree,,18ade76faa742c056050a7ce72cc84abdb1736e2fba32928fa3f5e5653bdb099,1,1afd63378368326224010a29d9e247fc8b55f7225a87042f1e6b70c77ea428f0,2025-03-12,12,7,7,0,7,0.5833333333333334,0.5833333333333334,0.5833333333333334
local-authority:TEW,Tewkesbury Borough Council,ODP-Track2,tree-preservation-zone,,7e6f645c62de982f0dc14414618cfa541ec2e0983cfe4567246bf01ec5f00273,1,e4e45d88b8d0ff9c015d60b8bf4ed94a0000a811d08416f45d279d8f03af61ab,2025-03-12,9,7,7,0,7,0.7777777777777778,0.7777777777777778,0.7777777777777778
local-authority:WBK,West Berkshire Council,ODP-Track2,article-4-direction-area,,83984124f1346554c4f805f337c1bdee789c375651058eac7ba0a33f83b35167,1,531e6e233574f5d895d99bd344ce7e70e909234b7a18fe2609c85e91e8cceb1b,2025-03-12,11,5,5,0,5,0.45454545454545453,0.45454545454545453,0.45454545454545453
local-authority:WBK,West Berkshire Council,ODP-Track2,conservation-area,,64b205f56014fc81435e61bb55745dbfac6fe7c87dcd13cb391262eb73a8c13b,1,a464b16caab91cc322f638a34f273793765fd61cbb201cf91a951a8dde8c78af,2025-03-12,10,5,5,0,5,0.5,0.5,0.5
local-authority:WBK,West Berkshire Council,ODP-Track2,listed-building-outline,,26018648805716d05532f00c2f8fe0d25d73a3dedf92c58e798cf851e8782466,1,1cd76c0e09da82d2b588d5350e869208be55186cc7638ad307a69c679b836878,2025-03-12,8,4,4,0,4,0.5,0.5,0.5
local-authority:WBK,West Berkshire Council,ODP-Track2,tree,,bc931f92317d0ed738079632e507f3b58976fe0826c733c1e3a3a7f72fa65624,1,baecc50be258ffed9cf8ca9b6556ef7117331d42887a0f0489041e28595b5303,2025-03-12,12,4,4,0,4,0.3333333333333333,0.3333333333333333,0.3333333333333333
local-authority:WBK,West Berkshire Council,ODP-Track2,tree-preservation-zone,,c3b09959756401a0a1e9a3b75e34fe60dcf48c91b3b1b7802beb4d8ba8957445,1,efeeade42b9bc542b133390faad6ead016fb65637d47ea9284fa82dcb081e2c0,2025-03-12,9,5,5,2,3,0.5555555555555556,0.3333333333333333,0.5555555555555556
local-authority:DOV,Dover District Council,ODP-Track3,article-4-direction,,03b17776d0e7707bdb98768bdcac82cf7d01595a3536032c1c91abf96f2db9f0,1,be173c4dc005cb9db8c7d68f0361908523cdd1075d516335a508db2728bb56ac,2025-03-12,9,9,9,0,9,1.0,1.0,1.0
local-authority:DOV,Dover District Council,ODP-Track3,article-4-direction-area,,701a969f68db2fb8bae189534a1f32bb1cc5e357a3f67aa2a7deaae600fd4537,1,b6082177f2b53998f9de606473313f22108486873773cf4a7933a15463576576,2025-03-12,11,9,9,1,8,0.8181818181818182,0.7272727272727273,0.8181818181818182
local-authority:DOV,Dover District Council,ODP-Track3,conservation-area,,fbe35483bb292b89c811a2db835df9dd5212ee1093daebd1f6b811d620643c1b,1,6f7313348156fb6f5497c7da44ac0d6886260645be276dbf6fc3db3c9622bdad,2025-03-12,10,8,8,0,8,0.8,0.8,0.8
local-authority:DOV,Dover District Council,ODP-Track3,listed-building-outline,,5bc1ac9884d11a0e747e1ba0356b6928e026966dc5b36d8b79c3641ddb9950d6,1,18fde3917562add77ac69debcaa5cca4637a51d89e6e7a8b8c810aa88b28fcdd,2025-03-12,8,8,8,0,8,1.0,1.0,1.0
local-authority:DOV,Dover District Council,ODP-Track3,tree,,0cfd31d51f6c7f8970b87a59b295083e383661d48ec12ea3ff5f652498b9b867,1,54c0de04b468c95ed61cfbf36777506b7aa4f6b5b50ae1c8b7dd53c92461a128,2025-03-12,12,9,9,0,9,0.75,0.75,0.75
local-authority:DOV,Dover District Council,ODP-Track3,tree-preservation-order,,ff199b1dc647436cb33b44f767c27b282ac993f2c0b8b8e9e5158774d1d5824a,1,d73e0e40dc03a8677414002059eef97446863a94a636b3e4d90a830917b28365,2025-03-12,10,10,9,2,8,1.0,0.8,0.9
local-authority:DOV,Dover District Council,ODP-Track3,tree-preservation-zone,,c02b990ae3d48107c12c7482ab3a9b8662a2ca8b081756c63cabdd8a01e065e7,1,ee81bcc498e2615bdb9172d2b9ebb439ae80360c74a0be620d3f35b7568bd3a5,2025-03-12,9,9,9,1,8,1.0,0.8888888888888888,1.0
local-authority:WFT,London Borough of Waltham Forest,ODP-Track3,article-4-direction-area,ogl3,95f83343461284d9520c7c2a426253cbac94694e9222d938d10cf10f0b0b082f,1,5955c2332cd976d12df53e81a4f159bee71a05e4b51ce7a8143bfedd0890114e,2025-03-12,11,7,7,0,7,0.6363636363636364,0.6363636363636364,0.6363636363636364
local-authority:NLN,North Lincolnshire Council,ODP-Track3,article-4-direction-area,ogl3,9786de81333a1dc128c875e0e362701712c0eb282f3888c31aa3383fe059d9e2,1,36ac9711517f8f53b3215747df2a02151e932586dc37b073b05899992a6392fa,2025-03-12,11,8,8,0,8,0.7272727272727273,0.7272727272727273,0.7272727272727273
local-authority:NLN,North Lincolnshire Council,ODP-Track3,conservation-area,ogl3,f6e780af9842b90fcd4af1250ba894d7d07c7acac18210210db38e4c4cc702f4,1,240a0a57843dd480f7593dd3152bb43b5d243827935feea96320a52bf37fe553,2025-03-12,10,7,7,0,7,0.7,0.7,0.7
local-authority:NLN,North Lincolnshire Council,ODP-Track3,conservation-area-document,ogl3,1ce2276aaa2ee05aed0c14e5eb4023692eb41feaf5ff89c76b79e1df7cae158f,1,0b71c06f69d1477a0ca25514b91f0faafcb6395fb02427bf0121c089af78ce46,2025-03-12,10,9,9,0,9,0.9,0.9,0.9
local-authority:NLN,North Lincolnshire Council,ODP-Track3,listed-building-outline,ogl3,d19fec0b28886bf0d4cb16d2af1bb71db84bf95fda52a6369b1ee39473a8e1bd,1,9286b87b1c811bf02ccb08639233f98f0030c80dc9236276d58203949577b9c2,2025-03-12,8,7,7,0,7,0.875,0.875,0.875
local-authority:NLN,North Lincolnshire Council,ODP-Track3,tree,ogl3,c4e4b10ec88156ebc3c47565a192ec736e6da47b5a6f4153ae56f18ff1aa0368,1,4b502ea3a1cd6efcf41045b86e4703fe7368b575f9ff0dbf180271f66516d551,2025-03-12,12,7,7,0,7,0.5833333333333334,0.5833333333333334,0.5833333333333334
local-authority:NLN,North Lincolnshire Council,ODP-Track3,tree-preservation-order,ogl3,f8d1d243adf081fbb70f9ca76464a1de9da7f9266ee4b94a8ebfba6d894c89a0,1,0cb067c79ae0b7d9f499978f2c177423292d6749eb60cf68b9d12a81ff55ba8c,2025-03-12,10,8,8,2,6,0.8,0.6,0.8
local-authority:NLN,North Lincolnshire Council,ODP-Track3,tree-preservation-zone,ogl3,53eba20d9ed28d7c5697801cac14484725fd0bb86175cea268180ecdbec89123,1,703f9fe058c16b564d38be328536dedf518182406cd61a7a691092a72e0186ed,2025-03-12,9,8,8,2,6,0.8888888888888888,0.6666666666666666,0.8888888888888888
local-authority:NSM,North Somerset Council,ODP-Track3,article-4-direction,ogl3,0587dcfba69b374a7b3146db4efdb34d3ba92db745aef9b895b4cade24d0ac2e,1,866679c103c00233203e50764df295ad524bf9f09d2d0eb66425a4afbbaeb163,2025-03-12,9,8,8,2,6,0.8888888888888888,0.6666666666666666,0.8888888888888888
local-authority:NSM,North Somerset Council,ODP-Track3,article-4-direction-area,ogl3,e23d220663fd8297427832c7f0aa7bf8431a5318051364ff57df31be4dd3052c,1,b7e4ada58051378923852651f797fd004c04ce3ebc36e94ef3127132cda2c532,2025-03-12,11,9,9,2,7,0.8181818181818182,0.6363636363636364,0.8181818181818182
local-authority:NSM,North Somerset Council,ODP-Track3,conservation-area,ogl3,69f9df6cc9c634fe3b7c157d9478fd1983dba349226f8d3a80dc863ba37f88e5,1,9c922f9d816efb139c1d3391dc9ac4e3cc42a757ca1e7cceb45b854770f25a99,2025-03-12,10,8,8,0,8,0.8,0.8,0.8
local-authority:NSM,North Somerset Council,ODP-Track3,listed-building-outline,ogl3,86989e02343ffef9d8b435e466deffa059597d4e9f643cacd2daf625b19d726a,1,420181ac627396d3125c417027a29004a2f989c91abebb869af532e5201f71e1,2025-03-12,8,8,8,0,8,1.0,1.0,1.0
local-authority:NSM,North Somerset Council,ODP-Track3,tree,ogl3,e89653123a38ddddfd70d71589c15d28ba2444ccefd5d7903e71ec762f2b4bd3,1,4613e0735fe6ae7824b01d21c6f32fc3e2c4c00ce325fc2c7107438a0bf9838f,2025-03-12,12,9,9,0,9,0.75,0.75,0.75
local-authority:NSM,North Somerset Council,ODP-Track3,tree-preservation-order,ogl3,239445b34f503bc768c366c4260fc26b498f62951c1cb1215f8305165cc7b688,1,4ac6b9b6f49a6ee5fec067cd0c14be68a80608932ae74a85c64a1ab27d8e55b5,2025-03-12,10,10,10,2,8,1.0,0.8,1.0
local-authority:NSM,North Somerset Council,ODP-Track3,tree-preservation-zone,ogl3,d481e2c6bf9d4c2dae5bf6d8e2b199b74755104b807830c41d7515c4b46a70c6,1,426531e5d5883a8a88e163607cedd1e3589f8a7d5e9b07c7e2f6c857759ebc36,2025-03-12,9,8,8,0,8,0.8888888888888888,0.8888888888888888,0.8888888888888888
local-authority:SLF,Salford City Council,ODP-Track3,conservation-area,ogl3,d02c91c33b6d0999c5d95acab72bd87e012f150427e4b7759a5e4bd5a150eed2,1,8e73b847902d3858b27ae7ffbcd5a5500021e41b716b134c8e91808603fa9bb1,2025-03-12,10,7,6,0,7,0.7,0.7,0.6
local-authority:WRL,Wirral Borough Council,ODP-Track3,article-4-direction,ogl3,ca4bb4ce3d76cc57183c2de03dfddb6f3e45b451c658b077d0626e2b6f871c0a,1,f70af577a0c85dd9907b50591a89d0c9df376ed17555731f8365dfb38d516eca,2025-03-12,9,9,4,0,9,1.0,1.0,0.4444444444444444
local-authority:WRL,Wirral Borough Council,ODP-Track3,article-4-direction-area,ogl3,55cf0a2a52a0c2e523e1d7606e6c3d55e8a3aca681babe9acc1183e4afa76439,1,bf8ac23c3f07ca67b8439b4c3ee8f572e8d01ef03663d0c0745aeaad42bcd5ba,2025-03-12,11,10,7,0,10,0.9090909090909091,0.9090909090909091,0.6363636363636364
local-authority:WRL,Wirral Borough Council,ODP-Track3,conservation-area,ogl3,d28294636eb23ba136308d5e1ce0739bbaa7bb05031c6a86f632a2519099ed87,1,6963528bc8685705d9116533cac3be9c47f8a3e633edeb03885fa77ca31081d0,2025-03-12,10,10,10,0,10,1.0,1.0,1.0
local-authority:WRL,Wirral Borough Council,ODP-Track3,conservation-area-document,ogl3,4f7e77db56b58e62b7f5935cd7eabff4cbfa2a059023a0ec1114b47c7f99febb,1,ccc0618dc7ea214801a657f46524643a04e347eb3f09796d807b2daf9eed55bc,2025-03-12,10,10,7,0,10,1.0,1.0,0.7
local-authority:WRL,Wirral Borough Council,ODP-Track3,listed-building-outline,ogl3,d24dbcb176ee1cca4e169d3793e9856b72560bd49ae96bec292df6d7a70d14ce,1,a039f062155488a3314e191521fccae7cdd90e4049b72684af9ba1bf34feb139,2025-03-12,8,8,8,0,8,1.0,1.0,1.0
local-authority:WRL,Wirral Borough Council,ODP-Track3,tree,ogl3,aa5fe3c1812f1ba4cc50111b8e90e081ea8dbe666f08d506c5adfe76fd7a7c3f,1,e6985ac73653a4d4f06e18eaa510d017a350df8d8e6c36a98e9a37f388823dad,2025-03-12,12,8,8,0,8,0.6666666666666666,0.6666666666666666,0.6666666666666666
local-authority:WRL,Wirral Borough Council,ODP-Track3,tree-preservation-order,ogl3,7fba602d0916908c150e4326bde44c19c2a8b9a0dae0ada39e4e1c7c6146a5e6,1,a75a04d2df1891794ddd860588e6a80a3be8fe9f70a9c2846444bf3fba774600,2025-03-12,10,6,6,0,6,0.6,0.6,0.6
local-authority:WRL,Wirral Borough Council,ODP-Track3,tree-preservation-zone,ogl3,5b89802a704295d92602c760c47dc51667c47ec841baf56d6852dfc3fd91d5d5,1,71a6e97c0db8bfc576d27063f16c25ca75c27d697169c76728b44ff99d7d05cc,2025-03-12,9,9,9,0,9,1.0,1.0,1.0
local-authority:ASF,Ashford Borough Council,ODP-Track4,listed-building-outline,ogl3,d4f439fc666b883c110ba5399f83e9519aa6085d00c1ba4ba761091d41bf2a79,1,26c75ac4c3bac8eb22241733f03d9bf20c87c16b0ab5a7c6375ebd36f1890988,2025-03-12,8,8,8,0,8,1.0,1.0,1.0
local-authority:ASF,Ashford Borough Council,ODP-Track4,tree-preservation-order,ogl3,e9a8796c89f39ff819566625f243643b3ff953a30f1f247778bb57741cc5653c,1,53ad52dfa778c93250aad21a5743e74723e197244f921d0d6c05c157db6f9b0f,2025-03-12,10,9,9,0,9,0.9,0.9,0.9
local-authority:BOL,Bolton Metropolitan Borough Council,ODP-Track4,conservation-area,,497ff12e5e4ff3aeef32e70159343a218fa721ac494eb3eb3428b19cb6187e22,1,f0ff65ce7dbd791794f267b57c8f05b125bd895193cc91d374e9e60812af323b,2025-03-12,10,0,0,0,0,0.0,0.0,0.0
local-authority:BST,Bristol City Council,ODP-Track4,article-4-direction,ogl3,46119b56528a12bad69cc19160000ab2ca3f8edd39b05f74ad8bc956b531a57e,1,09da98eb5acfd9a9c5b1be8fab3b82361269d89e29b92c79f4b0b6b31e59d27c,2025-03-12,9,9,9,0,9,1.0,1.0,1.0
local-authority:BST,Bristol City Council,ODP-Track4,article-4-direction-area,ogl3,c998e8befc7c357fe7f001af02e9ddc2cd3238c81d958e8156188fdf2f06ba2f,1,1ea914fa7dba6e601f60535e57bd9d4b742c385577337be2ca1899d482c43e96,2025-03-12,11,9,9,1,8,0.8181818181818182,0.7272727272727273,0.8181818181818182
local-authority:BST,Bristol City Council,ODP-Track4,conservation-area,ogl3,867e63988b9b050238b0deb9b9cc02994bc74432ccb95b7716a46b7252c8d7f9,1,ddc8e4deafa81c5ff5be8484cd9f2fc022cc54db3eccd28b1ad5a48e451d3a88,2025-03-12,10,10,10,0,10,1.0,1.0,1.0
local-authority:BST,Bristol City Council,ODP-Track4,conservation-area-document,ogl3,336059237936a81622bd4e129068f553b5692b8bd3c6b33c61d0174a83d33024,1,2a0efbfde7ed2909b790ce27c58dd800d8433015de5c6eaf8394597d8e95cf3b,2025-03-12,10,10,10,0,10,1.0,1.0,1.0
local-authority:BST,Bristol City Council,ODP-Track4,listed-building-outline,ogl3,ebec555824d8f1bb2148af571a63c0ca99e01a173f6bce70ff36287d2a4e2ea9,1,a4fcbc8541c6ac24d5e49b9caddfe0463b8280fb2d26540156cfc2785a94dede,2025-03-12,8,8,8,1,7,1.0,0.875,1.0
local-authority:BST,Bristol City Council,ODP-Track4,tree,ogl3,921cc67b0a42e501137e3a4cb112b281dece73502ba7428e5d26d622052f2a22,1,8496bbb9748bbf28952f5b0bc9d5dd3ee10d36d5f43360f3c193bd99fb890664,2025-03-12,12,10,10,0,10,0.8333333333333334,0.8333333333333334,0.8333333333333334
local-authority:BST,Bristol City Council,ODP-Track4,tree-preservation-order,ogl3,373a2a47ad71f4dec9927f6eb438a061ec568424840fe818512deadda91d9eff,1,2fb2b91c523e0ba38d10a651a83f41fa16b050a78170f2cf7205b42b70c5d8ea,2025-03-12,10,10,10,0,10,1.0,1.0,1.0
local-authority:BST,Bristol City Council,ODP-Track4,tree-preservation-zone,ogl3,e4c1a1851eb69c43ed4735aaa145d2975ef94f3a98ba7fe8ec30fa64dca7dba0,1,5b81c3d12a06fcc4b6a2007eb3d9df857f704f3b4171af5d0588f3c24e633a9c,2025-03-12,9,9,9,0,9,1.0,1.0,1.0
local-authority:BRO,Broadland District Council,ODP-Track4,article-4-direction-area,ogl3,3afdfd4ac6cba415f6ca0fd5cc7669cc4b25e827f40319b815a2ec5c3b9f1836,1,17e766b46f62f94f653771f53bcad6295da4c2c908cfe2f46ea06f192310e190,2025-03-12,11,3,3,0,3,0.2727272727272727,0.2727272727272727,0.2727272727272727
local-authority:BRO,Broadland District Council,ODP-Track4,tree-preservation-order,ogl3,a215cd87ddc71f2c176fd566ac6885034368766a51389efecf48f9bb635080f5,1,e313204ef67fe9f4f998f2cc028b59960bb7fec14b0607aa55e6a95299b7aafc,2025-03-12,10,3,2,1,2,0.3,0.2,0.2
local-authority:CAS,Castle Point Borough Council,ODP-Track4,article-4-direction,ogl3,cbcb9faf926ec4e15ec1c8d8459b4593810faa005d6ba61cc76dfd372c210b5a,1,c5199e6d05dcf23b7a5248c6ce82d6376ef53a25b43583a78f5563136a6af863,2025-03-12,9,9,9,0,9,1.0,1.0,1.0
local-authority:CAS,Castle Point Borough Council,ODP-Track4,article-4-direction-area,ogl3,aebb76c92ecb4193c63cd0bbf1c06682356617dadfb2c7b1fd38474d3fa967b7,1,f3c783fb3a5678215754c467cabca7bbdf22d23a9776507dc157706ef3fe8464,2025-03-12,11,9,9,0,9,0.8181818181818182,0.8181818181818182,0.8181818181818182
local-authority:CAS,Castle Point Borough Council,ODP-Track4,conservation-area,ogl3,a03c0455c85c00217e7894da32a8ab3098afedf81e1a55ad6efd640946d48b17,1,8572de0dc3c64f532423b3d07f4b27e2b9be35a2ec7abefdbef1112c44a2b44c,2025-03-12,10,9,9,0,9,0.9,0.9,0.9
local-authority:CAS,Castle Point Borough Council,ODP-Track4,conservation-area-document,ogl3,1cab8306fac63bd8fee359d1a5d91f937570f879cd5e43b5b290f339522afeb3,1,08f420ff16ff191dfba199996ff4a4c062432afa7122d4d344e3653943da2a30,2025-03-12,10,10,10,0,10,1.0,1.0,1.0
local-authority:CAS,Castle Point Borough Council,ODP-Track4,listed-building-outline,ogl3,cbe341d35f136660c24e7e06e6d6a4c8e88c8f126906ddcc394a856d51718e3f,1,c32c49826ab51dbbd1e0a4d987711a2e8abc5a169759da8607f1a6073ce8c202,2025-03-12,8,0,0,0,0,0.0,0.0,0.0
local-authority:LND,City of London Corporation,ODP-Track4,article-4-direction,ogl3,7fd9d1689d43229394ad65492587dd663d84e5b5e713353387701e010f3a1856,1,92d0a4fd30ad37c299a239d5ab0c89d784bb69c15c481527d7318e6eb5d60892,2025-03-12,9,9,9,0,9,1.0,1.0,1.0
local-authority:LND,City of London Corporation,ODP-Track4,conservation-area,ogl3,10cf8d9f6bbb69c93cfee3277941fb6b88b21d9c681532f7a1a1846eebdb7af0,1,88d60406d6af913f5379777341705a55b55dc45dcdf63e70e521787184f616c1,2025-03-12,10,10,10,0,10,1.0,1.0,1.0
local-authority:LND,City of London Corporation,ODP-Track4,listed-building-outline,ogl3,2422d123ec972ac516171687e530b37a7b0c9cfc53cb9154e0121dd5bcaafc03,1,53ee501b5265edcb63ae18219a2a34744b36582da0048f20d794f0a2ef897d15,2025-03-12,8,8,7,1,7,1.0,0.875,0.875
local-authority:WSM,City of Westminster,ODP-Track4,article-4-direction,ogl3,ca7ca40185bbb4e749a42747e64978cdb051508c602c47b2c8ef521314defcaa,1,f0369125f859fd88e8882b88e0c973bdcdf77f475a40d0790618120b9ecec072,2025-03-12,9,8,8,0,8,0.8888888888888888,0.8888888888888888,0.8888888888888888
local-authority:WSM,City of Westminster,ODP-Track4,article-4-direction-area,ogl3,77eac0a88dc3c45103f4608cfd75de8f4dfb7621af486dbe6c353c01894c9bc8,1,452f6c2988c4ab772c4e3b5aee2d82fda420a915957cf49eb0d1bf931547930d,2025-03-12,11,8,8,0,8,0.7272727272727273,0.7272727272727273,0.7272727272727273
local-authority:WSM,City of Westminster,ODP-Track4,conservation-area,ogl3,30e2532900e425a38a9e9f66a4483819b9875cb49b690c1061f7307b85332137,1,2d7ef3f2a121834056b376799e2310b4b9eb3febe49b40952c4282b409be9bab,2025-03-12,10,9,9,0,9,0.9,0.9,0.9
local-authority:WSM,City of Westminster,ODP-Track4,conservation-area-document,ogl3,d2c6b215d0a1ff1b8f6ec443f71797e3f16c046d31691020b8fcfe435e6ad23b,1,ac181fbee6e0fb95fc2f50efe20170eba98e9871498dc99b41c265ffb9caaaf5,2025-03-12,10,9,9,0,9,0.9,0.9,0.9
local-authority:ECA,East Cambridgeshire District Council,ODP-Track4,article-4-direction,ogl3,7b0904bd85af78baccb3d8c75d75ec149f0f9af3661a1dc1c983ada3d9a69150,1,9f74f7060a9c0260ad4595074384a5280a4674db1b53b0421e37e2ff13b240a9,2025-03-12,9,9,9,0,9,1.0,1.0,1.0
local-authority:ECA,East Cambridgeshire District Council,ODP-Track4,article-4-direction-area,ogl3,aa1a95099c62c629e9e7e6955edd959e367374f7fbaf94a4af4056ff47387368,1,992cc569d3f969c1e107720d9f252ca8397627e52a57a6d8b056b4668c78dafc,2025-03-12,11,9,9,0,9,0.8181818181818182,0.8181818181818182,0.8181818181818182
local-authority:ECA,East Cambridgeshire District Council,ODP-Track4,conservation-area,ogl3,51fe21e9011479314712c9bc6e51015c2ab07c6f8fc25874eca1eeffdfa0563a,1,44138728a3aabde3db4b8c3fa8ca72c98ad60b3dc7c861e39d7fd21b0afd0bf1,2025-03-12,10,9,9,0,9,0.9,0.9,0.9
local-authority:ECA,East Cambridgeshire District Council,ODP-Track4,conservation-area-document,ogl3,64c36a1b7c32466beac9e2aea1e7bd59677e5a61106b4ba83ce1bcd714472880,1,075d6719aa89f434a8f5a4855c56f70abf2861aca36a13737d58c305fcf511a3,2025-03-12,10,10,10,0,10,1.0,1.0,1.0
local-authority:EHA,East Hampshire District Council,ODP-Track4,article-4-direction,ogl3,1169c99235083f6e03fce461a88f285aff1350289123ca6e4fc30e3b3fcb2df1,1,8688a1a627f1b28ca46ed940854f28c4784345330ebdcc793e55c603a40524d4,2025-03-12,9,9,9,0,9,1.0,1.0,1.0
local-authority:EHA,East Hampshire District Council,ODP-Track4,conservation-area,ogl3,330a3056cae0abd2395e9dc253ed519db95f9524c9e9c7920a82081604648904,1,02ffd46bd6734a80cd2fe50f82a359ecf12d01d08f4f83fc968b133926edfa73,2025-03-12,10,10,10,0,10,1.0,1.0,1.0
local-authority:HOR,Horsham District Council,ODP-Track4,article-4-direction-area,ogl3,176572397e6d88371ba0a1bc0449157e18e991cf341607e20343b98462d0baf2,1,ab4b1ec4f26f623e992ba4ceca5b20ee0ccaa025c145f03e561b1294d88aedce,2025-03-12,11,6,6,0,6,0.5454545454545454,0.5454545454545454,0.5454545454545454
local-authority:HOR,Horsham District Council,ODP-Track4,conservation-area,ogl3,035a8f9726afb502ba44acd9b635150646d2003927fb7e2dcf89095e3d10a33d,1,a2adbf6ca4cad2d7c252ddabf4e104325a7c7745d131f5ca8b7181a31f1ca0d0,2025-03-12,10,6,4,0,6,0.6,0.6,0.4
local-authority:LCE,Leicester City Council,ODP-Track4,conservation-area,ogl3,89d2deb81ed1c1e943d9f3999c565100d22db04531761bf098ed05cabf8c8423,1,b7b44687379682ca51cd19a9a130be6780486f48faed0ed470cc8b8c6cdf39f1,2025-03-12,10,10,10,0,10,1.0,1.0,1.0
local-authority:LCE,Leicester City Council,ODP-Track4,conservation-area-document,ogl3,864d74ebb515466435db25df7b4c936077e745f51b9eca670111cd6e4c202843,1,c9424f245a078b7456c1e7ee5cd454187252ee430f42a38be99ecd91823bf3da,2025-03-12,10,10,10,0,10,1.0,1.0,1.0
local-authority:BDG,London Borough of Barking and Dagenham,ODP-Track4,article-4-direction,ogl3,9206a7a18afabe1a5dafe95f6cb1f10d7176ec30054f9a6b66acab94b9300cbb,1,442869fd3c532a92531f9afaa5b18b76ca156ee0fa988deb1fd9e876d2d5f25b,2025-03-12,9,9,9,0,9,1.0,1.0,1.0
local-authority:BDG,London Borough of Barking and Dagenham,ODP-Track4,article-4-direction-area,ogl3,57b2b1e44cb711cb9bce7f25abf8fdfc75f8c40a9e4cd9ae42c1eeadb2a225d6,1,e3eb3651fdb452b7396dbf901df1f54324971d25b71355e6a5f13309a69dfc81,2025-03-12,11,9,9,0,9,0.8181818181818182,0.8181818181818182,0.8181818181818182
local-authority:BDG,London Borough of Barking and Dagenham,ODP-Track4,conservation-area,ogl3,c1c11131aa754e0282dd532497508687beb7eaf9d905a2e7625d6c15351a96aa,1,bc39a7522bed60609d71fe6f0b0f155f20328979e021f616054d0288bb19091e,2025-03-12,10,10,10,0,10,1.0,1.0,1.0
local-authority:BDG,London Borough of Barking and Dagenham,ODP-Track4,conservation-area-document,ogl3,0f2e04f444b9e499edfb3f332eca228107a4560eaa6395907a588e33a451f5da,1,bd95b6caf8fe975835b489ae2e27fe176baa73f723d277a1a6861934c9f3c325,2025-03-12,10,10,10,0,10,1.0,1.0,1.0
local-authority:BDG,London Borough of Barking and Dagenham,ODP-Track4,listed-building-outline,ogl3,6a183d1c8b8505b27532c8335137139be5b8cdb97f8c2afded73a5e5b507c023,1,dd14d735a5cc249c6a3c4751e134c2040a83e58aa0c29475faed0825b54c2927,2025-03-12,8,8,8,0,8,1.0,1.0,1.0
local-authority:ENF,London Borough of Enfield,ODP-Track4,article-4-direction-area,ogl3,d7eb5c537757d3a5b8b1eaf43338ee9c619955ca6fee681a52cc9ed94539530e,1,3e481d655427f5b3d32971c6f0ae11db20b445dfe2454ee7b993d9ee262def1e,2025-03-12,11,8,7,0,8,0.7272727272727273,0.7272727272727273,0.6363636363636364
local-authority:ENF,London Borough of Enfield,ODP-Track4,conservation-area,ogl3,78e4a8bde3613e91b6fab11101df7aa9f4fd4ecd53f12850568c275ff38c04b6,1,a0fc85d9eeb729038e67342ca8523079423a17c7713c882733ba2c88b274887d,2025-03-12,10,9,8,0,9,0.9,0.9,0.8
local-authority:TWH,London Borough of Tower Hamlets,ODP-Track4,article-4-direction,ogl3,1e75db94e3349d46db1e037d5cd4b9b0967d22e2d6f69f041a0788c361afb32d,1,86e8e70366e51ca708cf708e9a1ea5d5bf1f1c689855adfb046fbdd51e70decf,2025-03-12,9,8,8,0,8,0.8888888888888888,0.8888888888888888,0.8888888888888888
local-authority:TWH,London Borough of Tower Hamlets,ODP-Track4,article-4-direction-area,ogl3,6854c25386b9c65c857c7ee74d54dac393bbff199513eae66f4f30eaaa873820,1,b64c0e37cc110bd5f51acfcafe30f387439498bc45d4884053f9429d527ebd5d,2025-03-12,11,6,6,0,6,0.5454545454545454,0.5454545454545454,0.5454545454545454
local-authority:TWH,London Borough of Tower Hamlets,ODP-Track4,conservation-area,ogl3,a32ee3c64fd2a4c0c1b7e4d65a0165185e7bf8309451aca1a6c8487f7d41a65d,1,90cb10fd8dc8f09e6b8507320ea670007f9347c0ff76ec2e60c04df8bd18f1e7,2025-03-12,10,6,6,0,6,0.6,0.6,0.6
local-authority:TWH,London Borough of Tower Hamlets,ODP-Track4,listed-building-outline,ogl3,59b599fec6f412c75dbbd47321b2b3ed0a502885d98c25db876f475f7522d780,1,1b68a8fb2a285dc403ef2b903d2a63243cf09bf438669096ee0618c4cfa52fc0,2025-03-12,8,5,5,1,4,0.625,0.5,0.625
local-authority:TWH,London Borough of Tower Hamlets,ODP-Track4,tree,ogl3,eaceade72cd00741743fba9921fb2ef764ed3363f882f420904cb96d20c44106,1,e9dd9632d157a036b0f2b90fe5ed3705659e95101323832761b1fb77a7367e72,2025-03-12,12,10,9,0,10,0.8333333333333334,0.8333333333333334,0.75
local-authority:TWH,London Borough of Tower Hamlets,ODP-Track4,tree-preservation-zone,ogl3,b285bb6e4dee87a0974df32ecfe93086ef6765c867acf4658c6aad651a031c32,1,32cc2e031ad843679b351d5af4e7ebdfe45bd546d5fe268898f7580b83da63db,2025-03-12,9,8,8,0,8,0.8888888888888888,0.8888888888888888,0.8888888888888888
local-authority:NEW,New Forest District Council,ODP-Track4,article-4-direction,ogl3,894e66f3df0d85574911e9898479bf6c1f3dd9bb8bd235d00627b74adfb02f82,1,6c2f48d51989e96291f96016314432403d2bcdecb9e6889574bcd5369ab8e5ad,2025-03-12,9,9,9,0,9,1.0,1.0,1.0
local-authority:NEW,New Forest District Council,ODP-Track4,article-4-direction-area,ogl3,94f98b37cac85e97132b45831270b0112d04061ca9e2b25b2cfd35c795e9fd07,1,e38d8179268da91491795d7d15eb564e7cee60717e16a738be084badfca079ec,2025-03-12,11,8,8,0,8,0.7272727272727273,0.7272727272727273,0.7272727272727273
local-authority:NEW,New Forest District Council,ODP-Track4,conservation-area,ogl3,dfb701a17a10d46053eea72484ff3836a75dd839eab109c78f1a3fbc8ca17409,1,26ac2d1aba0956026df3827227fd97717a90c98bcab4114cbd4f56ce50440043,2025-03-12,10,10,10,0,10,1.0,1.0,1.0
local-authority:NEW,New Forest District Council,ODP-Track4,conservation-area-document,ogl3,6180a42205056c2f716158e940cd6f2af138e76f63b0730ba0c3582a2673e261,1,65efc2d08b67477a04df2f1d9bb8a5f65f396401ff7e2620cb768c95ea192400,2025-03-12,10,10,10,2,8,1.0,0.8,1.0
local-authority:PTE,Peterborough City Council,ODP-Track4,article-4-direction,ogl3,d5ad6672335d6357c8dc5776d0c18c6f3cc40f7a5a6d0d13607e7a454e05855e,1,e51e6f8fd1cadb696d5ca229236b84f2ec67afdea6aad03fc81142b04c67adbd,2025-03-12,9,9,9,0,9,1.0,1.0,1.0
local-authority:PTE,Peterborough City Council,ODP-Track4,article-4-direction-area,ogl3,f4d600b88aaf18172828b1dce6c4d00f9b93784dad2c11055b2d6eec899f714b,1,a03e8926c699554734d2bea5e6961cab38863995aed68cd0d83ebeafdd0c6416,2025-03-12,11,9,9,0,9,0.8181818181818182,0.8181818181818182,0.8181818181818182
local-authority:PTE,Peterborough City Council,ODP-Track4,conservation-area,ogl3,7eddd356d929189e7ee8b964e12c8b61ba73c9a100eea0282aeeeb26a7659b9f,1,e3ac3b19197cedb7582a2d7a64ebb872f0cd6cd67fc141815bbaf6ddab9cf8d8,2025-03-12,10,10,9,0,10,1.0,1.0,0.9
local-authority:PTE,Peterborough City Council,ODP-Track4,conservation-area-document,ogl3,89ed4502c44b7b38a68da6b89bc635cf89498d618ab0c83e403c96badb67d064,1,37054a6a1947c2c6ef528f7863d27f5f126205943f2e74edc02de5871e49ed14,2025-03-12,10,10,10,0,10,1.0,1.0,1.0
local-authority:PLY,Plymouth City Council,ODP-Track4,article-4-direction,ogl3,0076621b85266c55a2813a4561d188afaea56ff0623be0907be328a625e97e5e,1,ad6d3892764a50887167cde402351e6f712ddfa25205fc8501b189f29feb08f5,2025-03-12,9,8,8,0,8,0.8888888888888888,0.8888888888888888,0.8888888888888888
local-authority:PLY,Plymouth City Council,ODP-Track4,article-4-direction-area,ogl3,ced0b624cb0e3ed809bf20c6b46b2e603b5b3ee080ee6c988e7f8e8ca0413e05,1,8a3ef6fb3cf374edf1970367e9df4d56f72f69f0f7a4c28efd23ee98c28693d9,2025-03-12,11,8,8,0,8,0.7272727272727273,0.7272727272727273,0.7272727272727273
local-authority:PLY,Plymouth City Council,ODP-Track4,conservation-area,ogl3,108cf83c084f41a4d222fa095e10cc39d5ba9ac4a9e7a33f9c5cde3c9173df25,1,cd40e48f83ffbdf2536d01b4e2ae7b2226cd02a57fb07ec888653629300bcb11,2025-03-12,10,9,9,0,9,0.9,0.9,0.9
local-authority:PLY,Plymouth City Council,ODP-Track4,conservation-area-document,ogl3,6d953394bf3cff23b634897683bbb4f07df453e38ac1b35846e05d6a7efcf6fe,1,f2443dd159d3c1cac089d2a9bf9ce9238d6d50a68c47b064f9b07a72dbbb213b,2025-03-12,10,10,10,0,10,1.0,1.0,1.0
local-authority:PLY,Plymouth City Council,ODP-Track4,listed-building-outline,ogl3,5745f66790af06cb6a386165e377ba4e94248f588e3c3fee3caa0d1c3d6c6198,1,49e57e11190d038674b65904765eca18dd14e59ead72bee783c0faf47d4c1d62,2025-03-12,8,7,7,0,7,0.875,0.875,0.875
local-authority:PLY,Plymouth City Council,ODP-Track4,tree,ogl3,bb2a8f795c5c57e992e0cfa128925abf6b88bd5bbb389f0b65a2047d82404526,1,ae266973b5d2dff974de222f42dc24778ad368f10c12cff72068098896fa5338,2025-03-12,12,8,8,0,8,0.6666666666666666,0.6666666666666666,0.6666666666666666
local-authority:PLY,Plymouth City Council,ODP-Track4,tree-preservation-order,ogl3,5ceb0d5287a6bee4dec8b0dc5181c2327599c2c3b305560670a614c39e883fcb,1,91dbde1d2a6527a5916eb6aad06572149f3840e377e3b856b22668775b21ccfc,2025-03-12,10,10,10,0,10,1.0,1.0,1.0
local-authority:PLY,Plymouth City Council,ODP-Track4,tree-preservation-zone,ogl3,2e67982f2b46713b11a4e762b2c31d0a50611deb806b14a22a32f1ae846905cb,1,7713e47bd1cd60f177c72141202a892ba43ba8e0062e48f2e53360d35cb77ca0,2025-03-12,9,9,9,0,9,1.0,1.0,1.0
local-authority:RCH,Rochdale Metropolitan Borough Council,ODP-Track4,article-4-direction,ogl3,098f0733c0e45568c70460ba521ebd269cd0e18253f944ec03a2252c2febcd71,1,1b70d8fc9af4eb6ddff5065b8f24e14a3ae415d3b1164d28075def03d1f5ec8a,2025-03-12,9,7,7,0,7,0.7777777777777778,0.7777777777777778,0.7777777777777778
local-authority:RCH,Rochdale Metropolitan Borough Council,ODP-Track4,article-4-direction-area,ogl3,2cefde155cf648a2923963c216be96b7fc9c2679d56c30edd9fedf5192decfc9,1,fd5150e6a09c424169c255660e127d9955ec34857616efd5dcb18cb6ecef60bd,2025-03-12,11,7,6,0,7,0.6363636363636364,0.6363636363636364,0.5454545454545454
local-authority:RCH,Rochdale Metropolitan Borough Council,ODP-Track4,conservation-area,ogl3,dc658ab95279b4e6cc13ea66285d6164fca3b908e1a4ff181311d767d00eaa11,1,ca1f43570c5e014009971005940a34f1a0adf37cc61e31b552fc6e26e182b319,2025-03-12,10,7,7,0,7,0.7,0.7,0.7
local-authority:RCH,Rochdale Metropolitan Borough Council,ODP-Track4,conservation-area-document,ogl3,7c07df2ea86a89f105df723f28ba3e67d25ad74c9d581803cf4ec6fcda1855c1,1,22b83203fd2e8bb832948538cd52674f2ae5bec5cbd71bd366f5f2cca29c1b12,2025-03-12,10,9,9,1,8,0.9,0.8,0.9
local-authority:ROS,Rossendale Borough Council,ODP-Track4,article-4-direction,ogl3,eb830049575fb851430d8d623f44742c2386e1a2be6a0ad6d9a2cfc19bb70fd1,1,e935d5f3d73aa915ca0e9c4327c0474a592b9a077b21d26f505cd4c7e7d00acc,2025-03-12,9,9,9,0,9,1.0,1.0,1.0
local-authority:ROS,Rossendale Borough Council,ODP-Track4,article-4-direction-area,ogl3,b870545dec246145a07dbccfac4fd546186c766afb58c513094c61cb5d6d06d1,1,9ef4d35808132d3d78fce48fa68e5211d982ea8bbbac8d83e8f433c31d3c8760,2025-03-12,11,9,9,0,9,0.8181818181818182,0.8181818181818182,0.8181818181818182
local-authority:ROS,Rossendale Borough Council,ODP-Track4,conservation-area,ogl3,d9192cbca1ef98f32f726c7585b7a80ee1a7a3e69e48a108969232c1882550e8,1,8b158fb9dd10954892a39e0639bf6f874186f536a123fca4d4ce0e2cbb4f48ed,2025-03-12,10,9,9,0,9,0.9,0.9,0.9
local-authority:ROS,Rossendale Borough Council,ODP-Track4,conservation-area-document,ogl3,be638dacab8e9643716043350587d10a38204c596cf3e70be5105149991d6eaf,1,ae427ea7e1e717093ac4459d50f5c143784b2d37149647aa533e685e5943610b,2025-03-12,10,10,10,0,10,1.0,1.0,1.0
local-authority:ROS,Rossendale Borough Council,ODP-Track4,tree,ogl3,45ada2b4a70ada7485dfeb3fbe36b49caf1c32aeff85231773af544a2821ef37,1,b31a7bf2d443cee2b06cee04d4c928526f6788e148f3e3bc1550c706aa9e934d,2025-03-12,12,11,11,0,11,0.9166666666666666,0.9166666666666666,0.9166666666666666
local-authority:ROS,Rossendale Borough Council,ODP-Track4,tree-preservation-order,ogl3,bc2a064a5f5ef2bb6796547bf1d84c01422232c332b705c56d186e70bd65e0af,1,2f91e7c5a1dc40513321f751724b57857a05cd10dd4a154d470d1750629c4596,2025-03-12,10,9,9,1,8,0.9,0.8,0.9
local-authority:ROS,Rossendale Borough Council,ODP-Track4,tree-preservation-zone,ogl3,a8bfa5f533b530d3b23c9456d59812192fe5745a7b7be1889eef230703bd11c2,1,d29b266dcc869978883fc78724fd6cb03016b09776eaea0aab945b08e0a4a923,2025-03-12,9,9,9,0,9,1.0,1.0,1.0
local-authority:ROH,Rother District Council,ODP-Track4,conservation-area,ogl3,2111898659f03bf581b6ad9b166af5d6d454bb61049f73dad676158fff2a2f06,1,3409b5c78b9b3b703d89d2c8a46a8b4fbc95ca670bd8b0b4b0ecfc166aca5768,2025-03-12,10,9,9,0,9,0.9,0.9,0.9
local-authority:ROH,Rother District Council,ODP-Track4,conservation-area-document,ogl3,5c64275ff2c6dc834bffc7a5fbaa8843a0a1f3c8d7e77bf44f86fe2dd970fe9c,1,0d6f8704cf5a19c383dc4c84fa1430a9dc6eed1d759519d3440339bcda5fd70c,2025-03-12,10,10,10,0,10,1.0,1.0,1.0
local-authority:KEC,Royal Borough of Kensington and Chelsea,ODP-Track4,article-4-direction,ogl3,798bc0888a215652a1154e53db3372004dcacb61bf3fc53af2c64c20040e5bf0,1,70dc54db06abca466080ddccb4f2f58eeadc6ed885cc5fb58091f78b8ccbf9ef,2025-03-12,9,9,9,0,9,1.0,1.0,1.0
local-authority:KEC,Royal Borough of Kensington and Chelsea,ODP-Track4,article-4-direction-area,ogl3,575e7ae12b5ea9c74fb3f084d36d260edae6a0d1854da93c9ca8939ab21ef5ab,1,578443d5aedd0f63b8d68d28a03d7aabef49912a9131f60b7965e75d1d2450a7,2025-03-12,11,9,9,0,9,0.8181818181818182,0.8181818181818182,0.8181818181818182
local-authority:KEC,Royal Borough of Kensington and Chelsea,ODP-Track4,conservation-area,ogl3,72b72c28986d9ad90a889c8c60a8de40bb086014d380d173f4f109a2e8757faa,1,45e21ade3d2865691cdc84954509773e1500669ae9d38d3d93c6e7933b3f0163,2025-03-12,10,10,10,0,10,1.0,1.0,1.0
local-authority:KEC,Royal Borough of Kensington and Chelsea,ODP-Track4,listed-building-outline,ogl3,a90770bf978a2d6bfbd16179e314b149ad0a922d21f84b940a826c7671676e7a,1,dfe7d3de5603eb151e3252b21a39117025eb6da8701024ff89e466236c3044cc,2025-03-12,8,8,8,0,8,1.0,1.0,1.0
local-authority:KEC,Royal Borough of Kensington and Chelsea,ODP-Track4,tree,ogl3,b5f6a2d78b05da255d6d2d7c3502c8046817b19506528234d0f1657e8ea53da7,1,70bed85c4f24bac569721b87b1923a17644275a4f54c62c0a70ddd2a75e9e1e4,2025-03-12,12,10,10,1,9,0.8333333333333334,0.75,0.8333333333333334
local-authority:KEC,Royal Borough of Kensington and Chelsea,ODP-Track4,tree-preservation-order,ogl3,898e4eec20bf667542dfbe98e2dbf1772187468ec2eda8edc56bec303ba2a7f6,1,385807bb331e7431cfe0d3daf0721ca24162bfac8e2fa1f396b1a4886f70118e,2025-03-12,10,10,10,2,8,1.0,0.8,1.0
local-authority:KEC,Royal Borough of Kensington and Chelsea,ODP-Track4,tree-preservation-zone,ogl3,9069faa7899266fba41bdfd1a9afcba55cc991cc0964b247f86bc6a76abb09ae,1,eb991d970cba575ca342b05ba6d8fe512f9e6f708963a2f7d0fda59631d7228a,2025-03-12,9,9,9,0,9,1.0,1.0,1.0
local-authority:SAW,Sandwell Metropolitan Borough Council,ODP-Track4,article-4-direction,ogl3,196a877ca7aa581c5f190f15262b1e38483a0cf3ccbe56c8d82ac43534c8c897,1,2b142efd3bcfe29660a3b912c4f742b9c7ff31c8ca0a02d93c9aa8b60e8e2469,2025-03-12,9,9,9,0,9,1.0,1.0,1.0
local-authority:SAW,Sandwell Metropolitan Borough Council,ODP-Track4,article-4-direction-area,ogl3,472199d995dd42c6c6441b47a12c9e466a16a8fc8b94520a86b031fb32cd36a2,1,7d7782465f1311722c376a3dbe68595826234712fa4aa4b4f0dd25ae57d04d4f,2025-03-12,11,7,7,0,7,0.6363636363636364,0.6363636363636364,0.6363636363636364
local-authority:SAW,Sandwell Metropolitan Borough Council,ODP-Track4,conservation-area,ogl3,2737f4f6d755809cbe3e84341cfcd6792d74844d34338bb050d47eebf2ce017b,1,8009f71565d65bc5db6ed33ff9f5669c994d37e93b4d76d313e0f3da804bfd35,2025-03-12,10,8,8,0,8,0.8,0.8,0.8
local-authority:SAW,Sandwell Metropolitan Borough Council,ODP-Track4,listed-building-outline,ogl3,53d76cd2b96235d7c94950b2089725f480d814131fc0d46c9e582225f93c9ed6,1,5fe53a54a6e117d9d7ddbe5ddc32803020d0f8361d962a7b2e5e98efa556ba60,2025-03-12,8,8,8,0,8,1.0,1.0,1.0
local-authority:SAW,Sandwell Metropolitan Borough Council,ODP-Track4,tree,ogl3,cd0ff78194618896cec280b2f0b383bfbb2670cc5eccbd5eedfd149589ee6976,1,8ad96e2fd5f5fa8314e21242aaddfe0e5b9067e75f66e031bbb593c6ea23218c,2025-03-12,12,7,7,0,7,0.5833333333333334,0.5833333333333334,0.5833333333333334
local-authority:SAW,Sandwell Metropolitan Borough Council,ODP-Track4,tree-preservation-zone,ogl3,093d93b05b23fc2d81922b06c60befe8f536d2a99a24993ad3f654d07c54b476,1,57b80e4a1193d605a8db30b8473605e68415292a0d1f3b1f506f0f2faa4ed00c,2025-03-12,9,8,8,0,8,0.8888888888888888,0.8888888888888888,0.8888888888888888
local-authority:SCA,South Cambridgeshire District Council,ODP-Track4,article-4-direction-area,ogl3,f710d80e5a2fef8013f5af997839a1fa84e1c25246eed5c2c8895f7566e35715,1,ac6f944c17f14a39dbb491fb87e3617ca0921044d8c19a2d105b1245cfbaa862,2025-03-12,11,8,7,0,8,0.7272727272727273,0.7272727272727273,0.6363636363636364
local-authority:SCA,South Cambridgeshire District Council,ODP-Track4,conservation-area,ogl3,56b7cf4cc457dd53ecfeb3f5cf7e34637b8f0efdb9711758cf4287901bbe0dbe,1,2736061b68a527b2023dad63ec82abb368d11bd1256f23e83c684d695da0f5b2,2025-03-12,10,9,9,0,9,0.9,0.9,0.9
local-authority:SGC,South Gloucestershire Council,ODP-Track4,article-4-direction,ogl3,42240f67dbdba0aea9180b1dd7f3d53e64ca5b7a12ed865adc78de6d293395a9,1,ebc0e1c1e084b50971e80284c657c72e44587628354df8b163b7da98e4223807,2025-03-12,9,9,9,0,9,1.0,1.0,1.0
local-authority:SGC,South Gloucestershire Council,ODP-Track4,article-4-direction-area,ogl3,14b8541453cdf0bda13fb4fcdce33e87e9cc5aa29b63d0e984a3f4c099a5eedb,1,8a86a106640ada1588e83d26c06a1d84d97059b61611a8d2eae6d60665a2ca3a,2025-03-12,11,9,9,0,9,0.8181818181818182,0.8181818181818182,0.8181818181818182
local-authority:SGC,South Gloucestershire Council,ODP-Track4,conservation-area,ogl3,7c20fe9bee6f170b1bbb049437f11eeaeb43be624d82907472eab656ff8276ce,1,0c37c6413b718ad19422ab5d68d752338ce0584d5fed542bff30441a57e7ba05,2025-03-12,10,10,10,0,10,1.0,1.0,1.0
local-authority:SGC,South Gloucestershire Council,ODP-Track4,conservation-area-document,ogl3,fa178f42970069580b2ede4c459a9b8151c6e256eab936fc5f00a5e1ad7a681d,1,6964491091f148c50812eb29ede4466d3ab83fe4077e11bfe5bf9dfc66d40a31,2025-03-12,10,10,10,0,10,1.0,1.0,1.0
local-authority:SGC,South Gloucestershire Council,ODP-Track4,listed-building-outline,ogl3,e4be3608a792d2773efc9b4863366ba07b9fad3e7656638b0fd1bc032cd159bd,1,54cd389b717a42dd461c7f3e859f540e770c6e83e64110f2084130a8512c8e9a,2025-03-12,8,7,7,0,7,0.875,0.875,0.875
local-authority:SNO,South Norfolk District Council,ODP-Track4,article-4-direction-area,ogl3,424ad40ebb7b5c30fc335bd922296bab1d42634c6c535ac657f18f64c5ca8492,1,b199ca5f954e5fd3b99901240ef1c7edd597ada9ea40bb4be42a4d46c308b482,2025-03-12,11,4,4,0,4,0.36363636363636365,0.36363636363636365,0.36363636363636365
local-authority:SST,South Staffordshire Council,ODP-Track4,article-4-direction,ogl3,d3599f46a21de336fdcf154dbc0601cae3244cad242afd42b8fbe0fcdedad472,1,550a3af1e8d079966ee7b84c72e1a7476fb9eb7a9acba0e224a599633d72f16f,2025-03-12,9,9,9,0,9,1.0,1.0,1.0
local-authority:SST,South Staffordshire Council,ODP-Track4,article-4-direction-area,ogl3,90dcae622e23a4e136120a6d59ad80397611ff46bea1b79a28dda771958c8843,1,f6060abab9d718491d9e2bea9dcb5c63c6e3ee809797c88311ad46c6a2268300,2025-03-12,11,10,9,0,10,0.9090909090909091,0.9090909090909091,0.8181818181818182
local-authority:SST,South Staffordshire Council,ODP-Track4,conservation-area,ogl3,6be2e81951485d6856463b6ed433ebf69661be33981b0985d0a9bb5142686e01,1,f652cfade3e3101f06717a0f2015d4d13796bf6fd2679217c897d95dcc2e3d11,2025-03-12,10,10,10,0,10,1.0,1.0,1.0
local-authority:SST,South Staffordshire Council,ODP-Track4,conservation-area-document,ogl3,9181f07d30189821c33ea48304029441910724c3f4529c1758751d3b393ba104,1,1955cfa75351d968cb1413360373df7b56e4fb5ff41042baff9098cf0163d750,2025-03-12,10,10,10,0,10,1.0,1.0,1.0
local-authority:SST,South Staffordshire Council,ODP-Track4,tree,ogl3,c1d65f06b7c0a242de3510837e0791fd3bf9fab19c09fa3477bcede0e883d7a1,1,87f62452d1d253a70673fd188ab30a8608ef95f3d2970136c79969f9700599ee,2025-03-12,12,10,10,0,10,0.8333333333333334,0.8333333333333334,0.8333333333333334
local-authority:SST,South Staffordshire Council,ODP-Track4,tree-preservation-zone,ogl3,f9b2bba7f246fe9b4d674ada7c96a003638f87c06c5c479303d161413c3eda89,1,d3a222c181497e7343e61376aba1d36adb2be8f39cd15b7fcf5047a7a1e33587,2025-03-12,9,9,9,0,9,1.0,1.0,1.0
local-authority:SUR,Surrey Heath Borough Council,ODP-Track4,conservation-area,ogl3,16f2fa2cc35cc74e60cbf81cda42c5dc38d8bf110d2db91cc1402c8295804eff,1,937778043f2157bc35829c2a77c09b78ccadfbaf0ad56de5ad4ddfb7a31d8192,2025-03-12,10,10,10,0,10,1.0,1.0,1.0
local-authority:TAN,Tandridge District Council,ODP-Track4,article-4-direction-area,ogl3,55887033cb022c028233b66145bd047e26b5eb98d8931b5a26d721ff925ea605,1,fee155e00d2c57a85773c712186855684d6652cb3066a8e7b1cc4b6be0951fe2,2025-03-12,11,11,11,1,10,1.0,0.9090909090909091,1.0
local-authority:TAN,Tandridge District Council,ODP-Track4,conservation-area,ogl3,04fa467eccb0f738ea74812f77809adfb4b5cf68520cad12d7827d9b426b7b28,1,7f6c9434d4db90bc5a5c990160285d03af61ee3b9d2f975c90fa63ca9e077939,2025-03-12,10,10,10,0,10,1.0,1.0,1.0
local-authority:TAN,Tandridge District Council,ODP-Track4,listed-building-outline,ogl3,b3b5126c58819f1b3f988d651584b0ff62690b7765d0e76c24b0807bf68f5aa3,1,b90a36b30cce413ff7189aff66e7ade5a282ac1ae60f9d762a9c08c88cfc4093,2025-03-12,8,7,7,0,7,0.875,0.875,0.875
local-authority:TAN,Tandridge District Council,ODP-Track4,tree,ogl3,c8a8c4ee3f365b5d0e486c5d592f0de7f081f44ce266c9f543bf930677828021,1,2a8c306537c4e4ee8864f678b3b30227e98bee395ccd9ee5a9ad3e3f2f17b04c,2025-03-12,12,11,11,0,11,0.9166666666666666,0.9166666666666666,0.9166666666666666
local-authority:TAN,Tandridge District Council,ODP-Track4,tree-preservation-zone,ogl3,839ab89f77a258f1a62c72db26c7ef993c496897c565ed40c9aac417d6204b8c,1,cc7e9e63a888bacaf8a2efe4a6c68a11b276e7c4a99ee816913c24267e2964c5,2025-03-12,9,9,9,0,9,1.0,1.0,1.0
local-authority:TOB,Torbay Council,ODP-Track4,article-4-direction,ogl3,a73868707618b1ae4a543481668721eca479dbe9e90691583a5b2f694a781f1c,1,97e221012b1744303466e035d3ce48893d4c3e77aea80f4d3fa6f8d53112808e,2025-03-12,9,9,9,0,9,1.0,1.0,1.0
local-authority:TOB,Torbay Council,ODP-Track4,article-4-direction-area,ogl3,0fba0f5e837fe76d0054f5d5e257a6af4cada7cd8efc5ddfe0c0af08562f2f80,1,2c40b7282ce197b237349224d648c86e28c36efeccac99019f08510c4619eaec,2025-03-12,11,9,9,0,9,0.8181818181818182,0.8181818181818182,0.8181818181818182
local-authority:TOB,Torbay Council,ODP-Track4,conservation-area,ogl3,1b7c8f2033977c6fc78dda2be827856e3c455c12ada0519ddd99f4cb8273060e,1,bc0256b1e39f9e190f63a2311432311d9515c991f218b0c5acdfd0fa19074ae8,2025-03-12,10,9,9,0,9,0.9,0.9,0.9
local-authority:TOB,Torbay Council,ODP-Track4,conservation-area-document,ogl3,c5e2d6e496bd8144a3848fda83edfc3abf7e0ac680340ce52cae870e17958375,1,fa23f68dc2c05535e84d2f429d9e7e45c966d0dc464a438fa851dcc31b298bad,2025-03-12,10,10,10,0,10,1.0,1.0,1.0
local-authority:TOB,Torbay Council,ODP-Track4,listed-building-outline,ogl3,ed13f9730853788d50f2d53a490a064d460d8c6cabbbd201c80d8afe678ef79d,1,3461cbf6c1e26e0a6f832281668d421191d931ed18c578a2c9f8e85db9ab1f14,2025-03-12,8,8,8,0,8,1.0,1.0,1.0
local-authority:TOB,Torbay Council,ODP-Track4,tree,ogl3,dc446f429ef237a6c197f36f930e9a45c90c02aaef2a0cea191b8194afdec20c,1,07794348d3d9e0d2efdee32ee68c16bb953ed21a384e7cd332fcb99b6232514f,2025-03-12,12,9,9,0,9,0.75,0.75,0.75
local-authority:TOB,Torbay Council,ODP-Track4,tree-preservation-order,ogl3,94c35316969bc4c3184969c63ffec672e31fee41e3f70fa58058ee28d115a413,1,5ab76b68ddc813467781b01bf46f141d0589afefa32135507861cf40a38ea1cd,2025-03-12,10,10,10,0,10,1.0,1.0,1.0
local-authority:TOB,Torbay Council,ODP-Track4,tree-preservation-zone,ogl3,47eb850a122b81d764964c048c28aafc700f39d8f400f9205e632ac38f51e1db,1,e516419d49cd6ef18136dae7fbba6c5886dd62dfa9f51b39a8d430a1ac2caf10,2025-03-12,9,9,9,0,9,1.0,1.0,1.0
local-authority:TRF,Trafford Metropolitan Borough Council,ODP-Track4,conservation-area,,833e2e15068ee0aa57d94513b1ec5035b681b22a626bb080749aa323391d2b50,1,096000142f00a925643c9a6c628f02e5fc278590d71f18fdefcae326ac009de9,2025-03-12,10,3,2,0,3,0.3,0.3,0.2
local-authority:WAE,Waverley Borough Council,ODP-Track4,conservation-area,,1607b75510852fe505c64468d16c38ab591619ca88535722ed98c97e8c05fa54,1,e6efbb94bde40d6af0921d80ea089e9c5a296ada743f7c5da6b85a020e9de4b8,2025-03-12,10,3,2,1,2,0.3,0.2,0.2
